Page ID,Page name,Disclaimer,Amount spent (EUR)
331832984040,LichtBlick,LichtBlick,18757
115472038482126,Gothaer Versicherung,Gothaer Versicherung,14606
107027277683021,Deine S-Bahn München,DB Regio AG - S-Bahn München,14494
350558562311,FDP Bayern,FDP Bayern,9922
265715943461097,Kettner Edelmetalle,Kettner Edelmetalle,9807
22541752487,Greenpeace Deutschland,Greenpeace Deutschland,9652
232874490208891,Bundesagentur für Arbeit,Bundesagentur für Arbeit,8363
81386795687,CSU (Christlich-Soziale Union),CSU (Christlich-Soziale Union),7880
217879838339082,Bundesministerium für Wirtschaft und Klimaschutz,Bundesministerium für Wirtschaft und Klimaschutz,7326
114803848589834,DIE ZEIT,These ads ran without a disclaimer,6676
305250279569563,BayernSPD,Landesverband BayernSPD,6225
674340402707662,"Dr. Florian Herrmann, MdL","Dr. Florian Herrmann, MdL",5233
82734241364,Campact e.V.,Campact e.V.,5041
178362315106,European Parliament,European Parliament,4479
13479664941,JUNGE FREIHEIT,Junge Freiheit Verlag GmbH & Co. KG,4344
75492447764,GLS Bank,GLS Bank,4055
218786540044,WWF Deutschland,WWF Deutschland,3616
56497026719,SOS-Kinderdörfer weltweit,SOS-Kinderdörfer weltweit Hermann-Gmeiner-Fonds Deutschland e.V.,3370
1852185055034835,Bayernwerk,Bayernwerk AG,3255
102169625710148,ClimaClic,Burda Direct GmbH,3167
103347062097905,Wind-Rat,Wind-Rat,3024
1508446642792459,Vattenfall,Vattenfall Europe Sales GmbH,3001
2071515543141090,LCOY Germany,LCOY Germany,2992
111501317017740,Motatos Deutschland,Motatos,2972
170770700406759,Stefan Meyer,Stefan Meyer,2972
197976650236259,MINI,These ads ran without a disclaimer,2966
201065353264638,yello,yello,2842
273454591804,SOS-Kinderdorf Deutschland,SOS-Kinderdorf e.V.,2832
154149027994068,ZDF,ZDF,2570
161273245888,Save the Children Deutschland,Save the Children Deutschland,2516
258191139993,GRÜNE Bayern,GRÜNE Bayern,2379
115472038482126,Gothaer Versicherung,These ads ran without a disclaimer,2242
1114156508732301,Zivile Helden,Polizeiliche Kriminalprävention der Länder und des Bundes,2182
112981306741840,Klimastreik - Zusammen mit Fridays For Future auf die Straßen,klima-streik.org,2124
248913988520756,Union Investment,Union Investment Privatfonds GmbH,2056
1293603367355220,Freie Wähler Schwaben,FREIE WÄHLER Bayern e.V. Bezirk Schwaben,1950
451980374985742,ecoligo,ecoligo,1857
102955269574854,Sascha Schnürer,Sascha Schnürer,1851
101439212538434,Josef Heisl,Josef Heisl,1759
395274800547275,DIE LINKE. Bayern,DIE LINKE. Landesverband Bayern,1730
369808499805109,Melanie Huml,Melanie Huml,1715
144527089488,SPD Nürnberg,SPD Nürnberg,1713
738902382819206,Alexander Hold,Alexander Hold,1621
109832419149120,CSU Kreisverband Günzburg,CSU Kreisverband Günzburg,1557
236934790401,UNO-Flüchtlingshilfe,UNO-Flüchtlingshilfe,1513
178118238985358,Bezirk Schwaben,Bezirk Schwaben,1466
2135010219947091,MINTmagie,Bundesministerium für Bildung und Forschung,1435
118043817945466,Schufa Holding AG,SCHUFA Holding AG,1412
545040792244231,"Dr. Fabian Mehring, MdL","Dr. Fabian Mehring, Mitglied des bayerischen Landtags",1383
484950398505596,IRC Deutschland,IRC Deutschland,1377
718677004826671,Deutsche Umwelthilfe,Deutsche Umwelthilfe,1374
2056256127791743,Damian Boeselager,Damian Boeselager,1341
111028065379904,OneClimate,climony GmbH,1315
114186703597807,VIER PFOTEN,VIER PFOTEN,1308
919658468378942,Martina Thalmayr,Grüne Kreisverband Rosenheim,1297
1790920000965539,CDU CSU Europa,CDU/CSU-Gruppe in der EVP-Fraktion im Europäischen Parlament,1259
109573920927141,Ichwillfair,Initiative für nachhaltige Agrarlieferketten,1256
103958091556809,Du Land der Bayern,Du Land der Bayern,1190
478399422560922,KadeFemina,DR. KADE,1159
78309442751,Bayernpartei,Bayernpartei,1154
130534873659391,Green Planet Energy,Green Planet Energy eG,1148
116243584864802,Tobias Reiß MdL,Tobias Reiß,1144
465578646860875,ÖDP München,ÖDP München,1102
103919417972272,Unabhängige Beauftragte für Fragen des sexuellen Kindesmissbrauchs,Unabhängige Beauftragte für Fragen des sexuellen Kindesmissbrauchs,1101
121678260974,Initiative Neue Soziale Marktwirtschaft (INSM),Initiative Neue Soziale Marktwirtschaft,1100
114446431572377,Valentin Weigel,Valentin Weigel,1092
116335026590900,Mülltrennung wirkt,die dualen Systeme,1061
118598124966673,Katharina Schulze,GRÜNE Bayern,1050
1731781957148285,Ludwig Hartmann,GRÜNE Bayern,1050
1555692344653053,IHK für München und Oberbayern,Industrie- und Handelskammer für München und Oberbayern,1047
1706508856316535,Bundesverband Deutscher Privatkliniken e.V.,Asklepios Kliniken GmbH & Co. KGaA,1035
341486659645594,FDP Fraktion Bundestag,Fraktion der Freien Demokraten im Deutschen Bundestag,1017
133306764192,NABU Bundesverband,NABU Bundesverband,1013
1578640155687393,Sea-Watch,Sea-Watch,976
499613946840551,Partei der Humanisten,Partei der Humanisten,961
614408642007931,Zurich,Zürich Beteiligungs-Aktiengesellschaft (Deutschland),927
112369170621210,Deutschland spricht über 5G,"Dialoginitiative ""Deutschland spricht über 5G""",890
102554566086120,Dr. Michael Ruoff,Dr. Michael Ruoff,882
933344593507928,Daniel Fürst,Daniel Fürst,866
111698888335211,Daskannkunststoff,ALPLA Werke Alwin Lehner GmbH & Co KG,845
117738101626747,GP JOULE,GP JOULE GmbH,840
23216224900,Plan International Deutschland,Plan International Deutschland e.V.,832
115209639844774,Jennifer Kaiser Steiner,Jennifer Kaiser Steiner,819
134209407129787,Volt Deutschland,Volt Deutschland,817
107085727344683,Mein Schlüssel zur Welt,Bundesministerium für Bildung und Forschung,780
112072139503036,Martin Hagen,FDP Bayern,773
1874718159461760,Lufthansa,These ads ran without a disclaimer,759
506894446333222,"Andreas Krahl, MdL","Andreas Krahl, MdL",740
343364921106,Caritas international,Caritas international,738
593476900673774,ifaw,ifaw,726
393186510822990,e.on,e.on,716
116141074714802,Falko Keller,Falko Keller,706
104351635002082,Deutschland erkennt Sepsis,Deutschland erkennt Sepsis,693
276040002549416,FREIE WÄHLER Bayern,Freie Wähler Bayern,692
200752383293733,International Justice Mission,International Justice Mission,688
741724592531706,Joachim Herrmann,Joachim Herrmann,681
101274842793956,Greenpeace grad jetzt,Greenpeace e.V.,656
1062482463795133,Liebesleben,Bundeszentrale für gesundheitliche Aufklärung (BZgA),641
511785248971976,"Bundesministerium für Familie, Senioren, Frauen und Jugend","Bundesministerium für Familie, Senioren, Frauen und Jugend",636
104988105720688,SVG_Sued,SVG Service und Vertrieb Süd GmbH,625
112277272142815,Sparkasse,Sparkasse,587
109731740941494,WiduLand,Initiative WiduLand e.V.,585
511324618972373,e.on,e.on,580
173138849399254,FDP Nürnberg,FDP Kreisverband Nürnberg,571
109135205793336,Junge Liberale JuLis Bayern,Junge Liberale JuLis Bayern,570
115956118028960,Beratungsstelle Barrierefreiheit,Bayerische Architektenkammer,539
587921848027213,Andreas Winhart MdL,Angebordnetenbüro,536
144380008933707,SPD-Fraktion im Bundestag,SPD-Bundestagsfraktion,511
105220712376554,Greifswald Moor Centrum,Succow Stiftung,510
123910440019,Renew Europe,Renew Europe Group,509
895493427165986,Civey - Know more. Act better.,Civey - Know more. Act better.,504
100345702834585,All Out Deutschland,All Out,498
1393167744264822,Bundesministerium für Digitales und Verkehr,Bundesministerium für Digitales und Verkehr,484
44511549119,Konrad-Adenauer-Stiftung,Konrad-Adenauer-Stiftung,484
150677658961760,Markus Walbrunn,AfD Kreisverband München West/Mitte,482
259770724096761,Animal Equality Germany,Animal Equality Germany e.V.,475
674596326314705,ANK Personalvermittlung GmbH,ANK Personalvermittlung GmbH,471
101059333039520,Stefan Labus,Freie Wähler Schweinfurt,468
108561735535463,Ekaterina Gutner,Klaus-Rudolf Krestel AfD Stadtrat,467
345598788891061,AfD Bayern,AfD Bayern,453
101503181468575,Susanne Bock von Wülfingen,Freie Wähler Oberfranken,452
323245001172018,Bundesministerium für Gesundheit,Bundesministerium für Gesundheit,451
102803038171875,DieBasis Bayern,dieBasis Landesverband Bayern,441
115284013260598,"Kathrin Pollack,  SPD","Kathrin Pollack,  SPD",434
150793518281117,Covestro,Covestro,429
103475578510240,Marina Jakob,Marina Jakob - Kandidatin zur Landtagswahl FREIE WÄHLER Schwaben,429
1093989863995799,hep,hep global GmbH,427
1173504606112676,Bundesministerium für Bildung und Forschung,Bundesministerium für Bildung und Forschung,425
111040990419997,Michael Ziegler Stadtrat,Michael Ziegler Stadtrat,421
247561735662222,Arif Tasdelen,Arif Tasdelen,415
561953460655717,Social Media Ads,Social Media Ads,414
163376107717701,Claudia Arabackyj,Claudia Arabackyj,413
680341992382788,Raimond Scheirich,Raimond Scheirich,409
110892411855324,Aynur Kir - Politikerin,Aynur Kir - Politikerin,405
338599714529,CSU Bayreuth-Stadt,CSU-Kreisverband Bayreuth-Stadt,394
116544291761495,Kindernothilfe E.V.,Kindernothilfe E.V.,389
204451377322,GRÜNE Ingolstadt,GRÜNE Ingolstadt,381
105123672171340,Johannes Hunger,Bündnis 90/Die Grünen Kreisverband Landkreis Landshut,377
106686812233755,Alexander Friedrich,Alexander Friedrich,371
44511549119,Konrad-Adenauer-Stiftung,Konrad-Adenauer-Stiftung e.V.,365
144043722282654,BUND Naturschutz in Bayern,Bund Naturschutz in Bayern,364
199517326737409,FDP Unterfranken,FDP Unterfranken,363
298027523994,CSU-Kreisverband Pfaffenhofen,CSU-Kreisverband Pfaffenhofen,362
320748971641029,"Martin Böhm, MdL",Afd Bayern Abgeordnetenböro MdL Böhm,354
136260152219,World Vision Deutschland e.V.,World Vision Deutschland e.V.,354
748890421869480,wordporn.,Visual Statements GmbH,352
107699912599053,Mitsubishi Motors DE,MMD Automobile GmbH,350
21242962092,ClientEarth,ClientEarth Deutschland,348
200229763665425,Rheinhessische,Rheinhessische Energie- und Wasserversorgungs-GmbH,341
1469980413307635,AfD Fürstenfeldbruck,AfD Fürstenfeldbruck,339
135591596484147,ABDA - Bundesvereinigung Deutscher Apothekerverbände e. V.,ABDA - Bundesvereinigung Deutscher Apothekerverbände e. V.,338
997341353721766,AfD Landkreis Wunsiedel,AFD Landkreis Wunsiedel,335
1509790395958123,Aktion gegen den Hunger,Aktion gegen den Hunger,326
134278719946186,Bayer,Bayer AG,319
192399750968414,Felix Locke - Freie Wähler,Felix Locke - Freie Wähler,317
127143338110,missio,missio,317
217786668379580,350.org Deutschland,350.org Deutschland,315
107837364488924,Britta Hundesrügge-Seite,Britta Hundesrügge-Seite,315
1209223982747779,Aufarbeitungskommission,Unabhängige Kommission zur Aufarbeitung sexuellen Kindesmissbrauchs,312
241988805843860,CSU Regensburg-Land,CSU Regensburg-Land,308
442641152463575,EGIS,EGIS VERWALTUNGS GMBH,303
187757708440378,Wolfgang Heubisch,Dr. Wolfgang Heubisch,300
442474682778346,Gerd Mannes,"Gerd Mannes, MdL",295
557067234364120,Grüne Pfaffenhofen,BÜNDNIS 90/DIE GRÜNEN Kreisverband Pfaffenhofen,294
488050575004641,"Christina Haubrich, MdL","Christina Haubrich, MdL",294
1943856862591685,Markus Striedl - Landtags- und Bezirkstagskandidat der AfD,Markus Striedl - Landtags- und Bezirkstagskandidat der AfD,292
1004883576238809,GoodJobs,GoodJobs GmbH,290
1777242045728084,Lutz Heese CSU,Lutz Heese CSU,290
115407298117063,Sebastian Koch,Sebastian Koch,289
148832545795028,Stefan Kuhn - CSU,Stefan Kuhn,281
420751304956832,Bündnis 90/Die Grünen Landkreis Miesbach,Bündnis 90/Die Grünen Landkreis Miesbach,279
275112176212224,PURELEI,These ads ran without a disclaimer,278
264774371104830,Alexander Zellner,Alexander Zellner FDP,276
1852185055034835,Bayernwerk,Bayernwerk Netz GmbH,274
570636922955149,Harald Dösel,SPD-Kreisverband Weißenburg-Gunzenhausen,273
419936748033984,Ausbildung Wellpappenindustrie,Verband der Wellpappen-Industrie e.V.,263
141973839152649,FC Bayern München,These ads ran without a disclaimer,260
113508481602419,"Andreas Mayer, AfD","Andreas Mayer, AfD",259
314610442075420,TeamClimate,TeamClimate,258
675589985972309,HateAid,HateAid gGmbH,257
172709939484063,Kreisbote Kaufbeuren,Kreisbote Kaufbeuren,257
169367889785454,Arbeitgeberverband Gesamtmetall,Arbeitgeberverband Gesamtmetall,255
265222623501426,Grüne Regensburg,Bündnis 90/Die Grünen Regensburg-Stadt,255
312862592077144,Franz Josef Pschierer,Franz Josef Pschierer,246
145944615464920,Polarstern Energie,Polarstern Energie,245
102232586265024,Edwin Hußlein,Edwin Hußlein,240
116449375528,foodwatch,foodwatch e.V.,238
121899617518682,Hans Friedl,Hans Friedl,237
46039823396,Oxfam Deutschland,Oxfam Deutschland,232
263503200272,Welthungerhilfe,Welthungerhilfe,225
116908774990653,CSU Coburg-Stadt,CSU Coburg-Stadt,225
106743252188249,Klimastiftung für Bürger,Klimastiftung für Bürger,223
2206499196243539,Jonah Werner,Jonah Werner,223
1793510380925494,USR Diaspora,Partidul Uniunea Salvați România.,221
108468642295221,Landtagswahl 2023_Freie Wähler Kelheim,Landtagswahl 2023_Freie Wähler Kelheim,219
101683398140023,Salus,Salus,217
109268274798247,E-Fuels-Forum,CLASSIC Tankstellen GmbH & Co. KG,216
166316026769607,FDP Fürstenfeldbruck,FDP Kreisverband Fürstenfeldbruck,216
100451192976841,Andreas Birzele,Andreas Birzele,215
170688644503,UNICEF Deutschland,UNICEF Deutschland,215
138400389680332,Eric Beißwenger,Eric Beißwenger,214
112688622239930,Bündnis 90/Die Grünen KV Schweinfurt,BÜNDNIS 90/DIE GRÜNEN KV Schweinfurt,210
111597401031415,Ulrich Reiner - Freie Wähler,Ulrich Reiner - Freie Wähler,210
1739138546404072,iwd,IW Medien,207
102595332820991,Martin Ansbacher,Martin Ansbacher,207
102231208554293,Peter Reitmaier,Peter Reitmaier,204
104389425384135,Arbeitgeber Land Hessen,Hessisches Ministerium des Innern und für Sport,204
156449679027,Renovabis,Renovabis e.V.,204
427077177320834,CSU Augsburg-Land,CSU Türkheim,200
183448258342806,Angelika Niebler,EVP-Fraktion im Europäischen Parlament,200
330143903797871,Dr. Alexander Dietrich,Dr. Alexander Dietrich,198
237087969829041,"Karton, natürlich",Fachverband Kartonverpackungen für flüssige Nahrungsmittel e.V. (FKN),198
193178474048113,SPD-Ortsverein Vaterstetten,SPD OV Vaterstetten,192
2229195827350931,Benedikt Flexeder,Benedikt Flexeder,191
636443633364309,Oskar Lipp AfD,Oskar Lipp AfD,189
108268845888673,Bundesministerium für Arbeit und Soziales,Bundesministerium für Arbeit und Soziales,184
2665513323462858,Hendrik Hamel,These ads ran without a disclaimer,183
157935946201,co2online,co2online gemeinnützige Beratungsgesellschaft mbH,182
108633728581883,Rettet Biokraftstoffe,OVID Verband,181
113396290044519,Toni Schuberl,"Toni Schuberl, MdL",181
1947378708884004,Initiative Frosch,Initiative Frosch,180
292410104121991,FU Bayern (Frauen-Union Bayern),FU Bayern (Frauen-Union Bayern),180
1420588518181094,Volksverpetzer,Volksverpetzer,175
305522029945817,Matthias Fischbach,Matthias Fischbach,175
107484069279333,tegut...,tegut... gute Lebensmittel GmbH & Co. KG,173
166140796751166,Bündnis 90/Die Grünen Nürnberg,Bündnis 90/DIE GRÜNEN Kreisverband Nürnberg Stadt,168
113044328456944,dieBasis Schwaben,dieBasis Kreisverband Aichach-Friedberg,168
130288206997548,dierotationsdrucker,dierotationsdrucker.de,166
167892584140943,Fabian Sauer / Die Grünen,Fabian Sauer,164
53955749527,Allgäu,Allgäu,164
214526595274349,BSH GmbH & Co.KG,BSH GmbH & Co. KG,164
206584163580,Stiftung Mercator,Stiftung Mercator,163
182122032722108,Franz Bergmüller MdL,Franz Bergmüller MdL,163
112765800133496,Die Regensburger Stadtzeitung,Die Regensburger Stadtzeitung,162
235866097155685,Invictus Games Düsseldorf 2023,These ads ran without a disclaimer,162
108862747249690,Claudia Schuster,Claudia Schuster,162
249986091716256,Deutscher Jagdverband e.V.,Deutscher Jagdverband e.V.,158
103106612849998,Rettet die Passauer Wälder,GRÜNE Passau,156
112538515037838,Ralf Arnold,Ralf Arnold,155
147694841945686,Grüne Würzburg-Land,Grüne Würzburg-Land,154
131522066902260,CSU Kreisverband Ingolstadt,Alfred Grob,153
92576009043,Jens Spahn,Jens Spahn,152
123292927706635,junge Welt,junge Welt,152
166200743435821,ÖDP Bayern,ÖDP Bayern,152
135984139804495,SoVD - Sozialverband Deutschland e.V.,SoVD - Sozialverband Deutschland e.V.,151
112845756952164,Anna Rasehorn,Anna Rasehorn,149
100166866328132,Rene Dierkes,AfD Kreisverband München Ost,147
168113884409,JUGEND für Europa,JUGEND für Europa - Nationale Agentur Erasmus+ Jugend und Europäisches Solidaritätskorps,146
134662743239116,academics.de,academics GmbH,146
100354762415568,BitteWas - Kontern gegen Fake und Hass,Landesmedienzentrum Baden-Württemberg Standort Stuttgart,144
100238801487587,Marko Poggenpohl SPD,Marko Poggenpohl SPD,144
103677506153305,Die Dickbrettbohrer,Die Dickbrettbohrer,143
399943747481893,HAWs in Deutschland,Hochschulen für Angewandte Wissenschaften in Deutschland,141
567366010021216,Bundesministerium der Justiz,Bundesministerium der Justiz,140
113576408487011,Jakob-Koch,Jakob Koch,139
219284714786655,Benno Zierer MdL,Benno Zierer MdL,134
110445718823734,Roland Hübscher,AfD KV Nürnberg,130
234201113333969,Kreisbote Kempten,Kreisbote Kempten,129
116235934837141,Hilfetelefon Gewalt gegen Frauen- Marketing,Hilfetelefon Gewalt gegen Frauen,126
120519827980254,Karsten Klein,Karsten Klein,125
118587111176407,Josef Hofmann,Josef Hofmann,123
100675542997836,Lena C. Schwelling,Lena Schwelling,123
110541501801364,Not Just Celsius,Interactive Media Foundation gGmbH,122
110703812319336,Renault Trucks Deutschland,Renault Trucks Deutschland,121
109456506282009,E.ON Inhouse Consulting,E.ON Inhouse Consulting,120
2364034560297457,Christian Doleschal,Christian Doleschal,119
112993790163333,Anton Rittel,Anton Rittel,118
963855347124050,Helmut Markwort,Helmut Markwort,118
130932837504922,MaryFischer-FW-FreieWähler,Mary Fischer,116
1565754943752371,Robert Farle,Robert Farle,116
510117665830401,Hilfetelefon Gewalt gegen Frauen,"Hilfetelefon ""Gewalt gegen Frauen""",115
100322788072812,The Closest Loop,The Closest Loop GmbH,111
765759413444131,Uwe Bergmann - 2. Bürgermeister der Stadt Schnaittenbach,Uwe Bergmann - 2. Bürgermeister der Stadt Schnaittenbach,110
1312721828781856,Diskutier Mit Mir,Diskutier Mit Mir e.V.,110
399241730563,Quarks,Westdeutscher Rundfunk Köln,108
164513593594332,Deutsche Aidshilfe,Deutsche Aidshilfe,108
144527739568157,Searchtalent,Searchtalent,108
104544314513922,Franz Josef Natterer-Babych,Franz Josef Natterer-Babych,106
162876563751431,all-in.de - das Allgäu online.,all-in.de - das Allgäu online.,105
1540045636302649,Arolsen Archives,Arolsen Archives,104
102042018624623,Initiative Chefsache,Initiative Chefsache,102
177670102269,innocent,These ads ran without a disclaimer,101
1375038296114465,Nufarm Deutschland GmbH,Nufarm Deutschland GmbH,101
477181792361674,Commerzbank,Commerzbank,≤100
354716014593358,Grüne Landshut-Land,Bündnis 90/Die Grünen Kreisverband Landkreis Landshut,≤100
219199351506333,CSU Oberpfalz,CSU Oberpfalz,≤100
249296718436,IG Metall,IG Metall,≤100
100407089768921,Bcause,Bcause,≤100
110708038722263,Peter Wachler,Peter Wachler,≤100
32925303328,Heinrich-Böll-Stiftung,Heinrich-Böll-Stiftung,≤100
202847190313202,Alfred Grob,Alfred Grob,≤100
209697875758716,DIE JUNGEN UNTERNEHMER,Die Jungen Unternehmer,≤100
1531445626929886,Benjamin Nolte - AfD,Benjamin Nolte - AfD,≤100
113822305061411,Dietmar Seidl,Dietmar Seidl,≤100
389077071153713,Philipp Dees,Philipp Dees,≤100
146221668771106,wbg Wissen verbindet,wbg Wissen verbindet,≤100
1200588670058774,LAND.SCHAFFT.WERTE,LAND.SCHAFFT.WERTE,≤100
101015538731995,Klaus Krestel AfD Stadtrat Fraktion Nürnberg,Klaus-Rudolf Krestel AfD Stadtrat,≤100
174118102615738,Brot für die Welt,Brot für die Welt,≤100
114069011290980,Steffen Haltermann,Steffen Haltermann,≤100
105443538932930,GWM ORA Deutschland,O! Automobile GmbH,≤100
102909819848567,Grüne Jugend Augsburg,Grüne Jugend,≤100
267353906619818,Mr. Gugu & Miss Go,These ads ran without a disclaimer,≤100
105277207993488,DB Cargo,DB Cargo AG,≤100
222005461272345,AfD Hessen,AfD Hessen,≤100
1110204782371616,Die Moderne Landwirtschaft,Forum Moderne Landwirtschaft e.V.,≤100
100325632905068,Gabrielle Mailbeck,Gabrielle Mailbeck,≤100
111789447030484,Bundesfinanzministerium,Bundesfinanzministerium,≤100
122037308191612,Make.org,These ads ran without a disclaimer,≤100
1811839762254313,Bayerisches Innenministerium,"Bayerisches Staatsministerium des Innern, für Sport und Integration",≤100
995399797206624,Niedersachsen packt an,Niedersächsische Staatskanzlei,≤100
103231839341758,Nico Stegmayer - Landtagskandidat,Nico Stegmayer - Landtagskandidat,≤100
112277272142815,Sparkasse,These ads ran without a disclaimer,≤100
343484159359552,Fiskars,Fiskars Germany GmbH,≤100
140889782312,Friedrich-Naumann-Stiftung für die Freiheit,Friedrich-Naumann-Stiftung für die Freiheit,≤100
2594781660757294,patrik_koenig,These ads ran without a disclaimer,≤100
104710009634129,CSU-Kreisverband Würzburg-Stadt,CSU Kreisverband Würzburg-Stadt,≤100
231858570284095,Junge NGG,Junge NGG,≤100
139968284118,terre des hommes,terre des hommes,≤100
123918397649280,Language and Skills,These ads ran without a disclaimer,≤100
286350444716030,UN-Dekade Wiederherstellung von Ökosystemen,UN-Dekade-Büro c/o nova-Institut GmbH,≤100
107407945980041,Deutsches Kinderhilfswerk e.V.,Deutsches Kinderhilfswerk e.V.,≤100
71678727658,Deutsche Stiftung Weltbevölkerung - DSW,Deutsche Stiftung Weltbevölkerung - DSW,≤100
503860759703439,Thomas Frank,Thomas Frank,≤100
676552165696541,Bündnis 90/ Die Grünen Donau-Ries,Bündnis 90/ Die Grünen Donau-Ries,≤100
611910082337980,VerbraucherCheck.net,VerbraucherCheck.net,≤100
172046250105103,Benjamin Miskowitsch,Benjamin Miskowitsch,≤100
225012151032427,Bürgerwerke,Bürgerwerke,≤100
108568039165729,PARTEI MENSCH UMWELT TIERSCHUTZ,PARTEI MENSCH UMWELT TIERSCHUTZ,≤100
104205619007345,leocor_ggmbh,Leocor gGmbH,≤100
130039690359915,Aktionsgemeinschaft Solidarische Welt,Aktionsgemeinschaft Solidarische Welt,≤100
113935357134350,"Martina Bonertz, ÖDP-Direktkandidatin für den Bezirkstag Oberbayern","Martina Bonertz, ÖDP-Direktkandidatin für den Bezirkstag Oberbayern",≤100
2062077667371091,"Robert Kühn, Bürgermeister Bad Wiessee","Robert Kühn, Bürgermeister Bad Wiessee",≤100
125320710655421,MeinungundWahrheit.de,Klaus Fiegl / Meinung und Wahrheit,≤100
104425389118359,Dr. Florian Freund,Dr. Florian Freund,≤100
1137644026292121,medica mondiale e. V.,medica mondiale e.V.,≤100
354020804610580,SPD Erlangen,SPD Erlangen,≤100
110834314440892,Saudi Green Initiative,These ads ran without a disclaimer,≤100
116064499060160,Dirk Brandes - Für Niedersachsen im Bundestag,"Dirk Brandes, MdB",≤100
112144060366999,Momentum Németország / Momentum in Deutschland,Momentum Németország / Momentum in Deutschland,≤100
512403718895902,Wildtierschutz Deutschland e.V.,Wildtierschutz Deutschland e.V.,≤100
110310104582316,Martin Hartmann für direkte Demokratie #diebasis,Martin Hartmann für direkte Demokratie #diebasis,≤100
134483979119,Rosa-Luxemburg-Stiftung,Rosa-Luxemburg-Stiftung,≤100
165629350137468,Schaebens,Schaebens,≤100
320901934918482,AfD KV Erding,AfD Kreisverband Erding,≤100
1176675472454246,CAPinside.com,CAPinside GmbH,≤100
112163755289103,Miriam Albrecht ÖDP,Miriam Albrecht,≤100
104524625500438,Birgit Heitland - Ihre Landtagsabgeordnete,Birgit Heitland - Ihre Landtagsabgeordnete,≤100
197595853650946,Ulmer Volkshochschule,Ulmer Volkshochschule,≤100
152033178165965,Deutsche Bahn Personenverkehr,These ads ran without a disclaimer,≤100
802742479740142,CSU Kreisverband Miesbach,CSU Kreisverband Miesbach,≤100
911307192249194,IGZ - Die SAP Ingenieure,These ads ran without a disclaimer,≤100
109707702109303,Daniel Halemba - AfD,Daniel Halemba - AfD,≤100
181535349099426,"Jörn König, MdB","Jörn König, MdB",≤100
364323397633064,"Markus Weber, Freie Wähler","Markus Weber, Freie Wähler",≤100
112748450461911,VCD Kreisverband Aschaffenburg-Miltenberg e.V.,VCD Kreisverband Aschaffenburg-Miltenberg e.V.,≤100
111694548428152,Katja Weitzel,Katja Weitzel,≤100
415367309037687,Klaus Esser,Klaus Esser,≤100
237629780126813,Human Rights Film Festival Berlin,Aktion gegen den Hunger,≤100
111017698584804,Klima Kraftstoffe GmbH,Klima Kraftstoffe GmbH,≤100
53848679944,Laut gegen Nazis,Laut gegen Nazis e. V.,≤100
117534528257937,Bund für Umwelt und Naturschutz Deutschland,Bund für Umwelt und Naturschutz Deutschland,≤100
104959658833469,Verfolgte im Nationalsozialismus,Bundesverband Information & Beratung für NS-Verfolgte e.V.,≤100
412044772689303,SPD Miesbach,SPD Ortsverein Miesbach,≤100
323724108344975,Prof. Dr. Ingo Hahn MdL,MdL Prof. Dr. Ingo Hahn,≤100
135445149965726,Kai Whittaker,Kai Whittaker,≤100
99923813221,vorwärts,Berliner vorwärts Verlagsgesellschaft mbH vorwärts,≤100
153895211316787,FDP Schwaben,FDP Schwaben,≤100
123317111021370,Anja Weisgerber,Dr. Anja Weisgerber MdB,≤100
387997777920068,GRÜNE Fürth-Land,GRÜNE Fürth-Land,≤100
106843485714547,Thomas Holz,Thomas Holz,≤100
294772850956765,Green Forest Fund e.V.,GREEN FOREST FUND e.V.,≤100
198244400189055,Entega,ENTEGA Plus GmbH,≤100
260106687889118,Kopp Verlag,Kopp Verlag,≤100
115991468079591,Michael Sasse,Grüner Kreisverband Rosenheim,≤100
120098984513398,Georg Wiedemann - Landtagskandidat 2023,SPD Donau Ries,≤100
190784743602,CDU/CSU-Bundestagsfraktion,CDU/CSU-Bundestagsfraktion,≤100
101815672826219,Tim Pascal Ludwig,Tim Pascal Ludwig,≤100
1547881808869530,SPD Augsburg,SPD Augsburg,≤100
1711999575749765,Christine Himmelberg,Christine Himmelberg,≤100
121514584547441,CSU Tacherting,CSU Tacherting,≤100
113525518471576,Michael Schien,Michael Schien,≤100
103413604461325,FDP Penzberg-Iffeldorf,FDP Penzberg-Iffeldorf,≤100
114554831934355,Tierschutzbund,Deutscher Tierschutzbund e.V.,≤100
169119309772719,SPD Bayreuth,SPD Bayreuth,≤100
147547541961576,Council of the European Union,Council of the European Union,≤100
104683266866,Friedrich-Ebert-Stiftung,Friedrich-Ebert-Stiftung,≤100
193211114346834,Fachverband Holzenergie,Fachverband Holzenergie im BBE,≤100
463268274007828,Grüne Mühldorf,Bündnis90/Die Grünen Mühldorf,≤100
291916071234631,Susen Knabner,Susen Knabner,≤100
434325363566608,So Denkt Ein Mann,These ads ran without a disclaimer,≤100
130545770309684,dzbank-derivate.de,DZ BANK AG,≤100
527351247377965,European Committee of the Regions,European Committee of the Regions,≤100
105609042076,Politik zum Anfassen e.V.,Politik zum Anfassen e.V.,≤100
1433133016766839,AfD Fulda,AfD Kreisverband Fulda,≤100
138422136179542,Ministerpräsident Michael Kretschmer,Sächsische Staatskanzlei,≤100
669315733458617,Christian Weber,Christian Weber,≤100
450712981662234,Markus Ferber,Markus Ferber,≤100
934474173396465,Sepp Parzinger,Sepp Parzinger,≤100
101342159467949,Grüne Großkarolinenfeld,Designery GmbH,≤100
160590350630358,Frankenwald-CSU,Frankenwald-CSU,≤100
105997088356006,Der Überläufer,Der Überläufer,≤100
252073018261408,SPD im Landkreis Dachau,SPD Landkreis Dachau,≤100
350796911743541,3M,These ads ran without a disclaimer,≤100
452735604764621,Freie Wähler München e.V.,FREIE WÄHLER München,≤100
566530173381185,ÖDP Erding,ÖDP Erding,≤100
531873140526663,ÖDP Kreisverband Garmisch-Partenkirchen,ÖDP Kreisverband Garmisch-Partenkirchen,≤100
102427523150245,Bündnis 90/Die Grünen OV Schwabing,BÜNDNIS 90/Die Grünen OV Schwabing,≤100
2144412582336377,Kurvig Glücklich,These ads ran without a disclaimer,≤100
207126213039137,Tobi Grimm,Tobi Grimm,≤100
156844567712714,FDP im Stadtrat Neu-Ulm,FDP im Stadtrat Neu-Ulm,≤100
389053494880517,Buderus Deutschland,Buderus Deutschland,≤100
314428179245339,Dennis Josef Meseg,Atelier Dennis Josef Meseg,≤100
110404064204394,Grüne Kempten,Kreisverband Bündis 90/Die Grünen Kempten,≤100
111080175616050,SPD Hessen,SPD Hessen,≤100
117065414989292,IKK classic,IKK classic,≤100
108314603968027,Felix Meyer,Felix Meyer,≤100
322367571151341,Kreisbote Füssen,Kreisbote Füssen,≤100
112588715140046,Christina Specht,Christina Specht,≤100
106496414831355,dieBasis Kreisverband Traunstein - Berchtesgadener Land,dieBasis Kreisverband Traunstein - Berchtesgadener Land,≤100
133878906642545,BASECAMP digital,BASECAMP digital,≤100
105217148823106,Steve Brachwitz,Steve Brachwitz,≤100
115155379934562,Alexander Gutwill,Alexander Gutwill,≤100
1440334626199243,SPD - Kreisverband Kitzingen,SPD-Kreisverband Kitzingen,≤100
107049224294046,Cenk Gönül,Cenk Gönül,≤100
1077260675704647,Wohnglück,Impleco GmbH,≤100
100496610017028,chrismon,chrismon,≤100
1967019790197412,Markus Wagner,"Markus Wagner, MdL",≤100
572530603230497,AfD-Fraktion im Hessischen Landtag,AfD-Fraktion im Hessischen Landtag,≤100
560371954129652,TAG24,TAG24 NEWS Deutschland GmbH,≤100
109857895185207,ZEIT für X - Studio ZX,These ads ran without a disclaimer,≤100
344190642723095,Schwertfeger & Kollegen GmbH,Schwertfeger & Kollegen GmbH,≤100
1560776847495092,Radkultur Baden-Württemberg,RadKULTUR Baden-Württemberg,≤100
218526588178056,alwa,alwa Mineralbrunnen GmbH,≤100
1703416996566672,Echt Grün - Eure Landwirte,Echt Grün - Eure Landwirte,≤100
100572773318575,Ärzte der Welt,Ärzte der Welt,≤100
182629331843260,Saale-Zeitung,These ads ran without a disclaimer,≤100
103564366367787,MSC - Nachhaltige Fischerei,These ads ran without a disclaimer,≤100
113233466878837,OOMAY Home,These ads ran without a disclaimer,≤100
130614063630919,JU Regensburg-Land,JU Regensburg-Land,≤100
117351841456940,TP,Agentur Nachtaktiv GmbH,≤100
548504911910577,Daniela Di Benedetto,Daniela Di Benedetto,≤100
210015922345399,Bayerischer Landtag,Bayerischer Landtag,≤100
155869971119836,Dr. Becker Klinikgruppe,Dr. Becker Klinikgesellschaft mbH & Co. KG,≤100
116035088478181,FDP Oberallgäu,FDP Oberallgäu,≤100
292772341539835,Max Deisenhofer,Max Deisenhofer,≤100
139173820028551,Baden-Württembergische Bank,Baden-Württembergische Bank,≤100
220215281378467,Schlagmann Poroton GmbH & Co. KG,Schlagmann Poroton GmbH & Co. KG,≤100
722613791172825,BRALE Bau GmbH,BRALE Bau GmbH,≤100
377032236028533,"SPD Trudering, Riem und Messestadt",SPD-Ortsverein Trudering-Riem,≤100
112083958146664,COLD WAR Museum Berlin,CWM COLD WAR Museum GmbH,≤100
352736338253081,Futurium,Futurium,≤100
100471655645989,Tobias Winkler,Tobias Winkler,≤100
104729919366813,Mary&Barbara_Wahlen2023,Mary Fischer,≤100
539968076139979,IVPU Verband,IVPU Industrieverband Polyurethan-Hartschaum e.V.,≤100
292562910756095,Rameen,These ads ran without a disclaimer,≤100
103204458635909,Ralf Schönborn,Ralf Schönborn (MdL) Alternative für Deutschland (AfD),≤100
300225473377094,indeon magazin,Medienhaus der Evangelischen Kirche in Hessen und Nassau GmbH,≤100
204191076644782,"Thüringer Ministerium für Bildung, Jugend und Sport","Thüringer Ministerium für Bildung, Jugend und Sport",≤100
2071515543141090,LCOY Germany,These ads ran without a disclaimer,≤100
358925154130729,DEPI Deutsches Pelletinstitut,DEPI Deutsches Pelletinstitut,≤100
399128160157420,SPD-Ortsverein Iphofen,SPD-Ortsverein Iphofen,≤100
137521576294353,Deutsche Kinderhilfe - Die ständige Kindervertretung e.V.,Deutsche Kinderhilfe - Die ständige Kindervertretung e.V.,≤100
223829854355699,Frosch,Frosch,≤100
840397469385990,Kompass - Schulung & Beratung im Gesundheitswesen GbR,These ads ran without a disclaimer,≤100
100325925442366,innn.it,innn.it,≤100
265181710299993,Dennis Radtke,Dennis Radtke,≤100
245359058938449,Brunel Global,These ads ran without a disclaimer,≤100
239131546617572,AfD-KV Erlangen/Erlangen-Höchstadt,Alternative für Deutschland Kreisverband Erlangen / Erlangen-Höchstadt,≤100
1436049319940297,AfD Kreisverband Augsburg-Stadt,Alternative für Deutschland,≤100
120173129045,Hanser Literaturverlage,These ads ran without a disclaimer,≤100
228328093866396,Raffinierte Zukunft,OVID Verband,≤100
340811472964473,Christen an der Seite Israels,Christen an der Seite Israels,≤100
111691415246062,"Kaweh Nemati - Ihr Landtagskandidat für Bornheim, Nordend, Ostend",CDU Kreisgeschäftsstelle Frankfurt,≤100
121097790490,Albert Schweitzer Stiftung für unsere Mitwelt,Albert Schweitzer Stiftung für unsere Mitwelt,≤100
105052284295945,Julian Preidl - Freie Wähler,FREIE WÄHLER Kreisvereinigung Cham,≤100
1448420368787337,FDP Kreisverband Pfaffenhofen,FDP Kreisverband Pfaffenhofen a. d. Ilm,≤100
103353192717357,Daniel Schreiner,SPD Kreisverband Hof-Land,≤100
106039102568217,Sonja Patzelt-Schauer - FW,Sonja Patzelt-Schauer - FW,≤100
2367932023479042,Nicole M. Pfeffer - FDP Direktkandidatin #ltw23by,FDPPfeffer,≤100
1889496344625839,Jürgen Braun MdB,Jürgen Braun MdB,≤100
149270358678,FDP Erlangen,FDP Erlangen,≤100
1487616731457354,Demo für Alle,Demo für Alle,≤100
1406082262964156,ÖDP Aschaffenburg,ÖDP Aschaffenburg,≤100
111486313936267,Prof. Dr. Rüdiger Sterzenbach,Prof. Dr. Rüdiger Sterzenbach,≤100
184532112288947,Christoph Skutella,Christoph Skutella,≤100
304194770192998,Rechtsgerichtet Podcast,Rechtsgerichtet Podcast,≤100
337490039624409,Leibniz-Gemeinschaft,Leibniz-Gemeinschaft,≤100
1413031255637621,Alternative für Deutschland AfD - Städteregion Aachen,AfD Kreisverband Städteregion Aachen,≤100
281342982023970,Kerstin Schreyer,Kerstin Schreyer,≤100
150527751674751,Greens/EFA in the European Parliament,Greens/EFA in the European Parliament,≤100
51091986850,Diether Dehm,Diether Dehm,≤100
637552983272437,FDP-Fraktion Bayern,FDP-Fraktion Bayern,≤100
100495046138382,Klimawandel-meistern,Bayerisches Staatsministerium für Umwelt und Verbraucherschutz,≤100
2103646039923911,Martin Stock,Martin Stock,≤100
1999605953684482,Walentina Dahms,Walentina Dahms,≤100
156913884898596,Freie Wähler Hof,Freie Wähler Hof,≤100
547538231960041,AfD Nürnberg,AfD Nürnberg,≤100
399999960421216,Claus-Georg Pleyer AfD Kreisrat + Stadtrat,Claus-Georg Pleyer,≤100
106567415391269,Florian Lichtenstern - Landtagskandidat Liste 3 Platz 20,Florian Lichtenstern - Landtagskandidat Liste 3 Platz 20,≤100
2214155448839076,Matthias Meier,Matthias Meier,≤100
113318558226056,Green Balanced,Green Balanced GmbH,≤100
100164834736129,Deutsche Tier-Lobby - DTL,Deutsche Tier-Lobby e.V.,≤100
285059978218487,FDP Oberbayern,FDP Oberbayern,≤100
143760489121189,Frederik Hintermayr,These ads ran without a disclaimer,≤100
929822837130582,Dr. Rainer Balzer,Dr. Rainer Balzer,≤100
1520133974974181,ÖDP Landshut - Stadt,ÖDP Landshut,≤100
1261693697218253,Marco Winkler - Die Linke,Marco Winkler - Die Linke,≤100
142616569135649,Bayerisches Staatsministerium für Umwelt und Verbraucherschutz,Bayerisches Staatsministerium für Umwelt und Verbraucherschutz,≤100
383774081995085,Fabian Jacobi MdB,Fabian Jacobi MdB,≤100
492112370837905,Die Grünen KV Coburg-Stadt,Die Grünen KV Coburg Stadt,≤100
114337761989631,DIG - Deutsch-Israelische Gesellschaft,DIG - Deutsch-Israelische Gesellschaft,≤100
52583930298,Hochschule Magdeburg-Stendal,Hochschule Magdeburg-Stendal,≤100
104962199534779,naturstrom AG,naturstrom AG,≤100
114018974889363,Stop Lie,Stop Lie,≤100
101945883972500,Bastian Treuheit - AfD Stadtrat Zirndorf,Bastian Treuheit - AfD Stadtrat Zirndorf,≤100
477280445734587,EAN50 GmbH,ean50 GmbH,≤100
1851868071557795,Dr. Dominik Spitzer,Dr. Dominik Spitzer,≤100
687589164666184,MasterClass,These ads ran without a disclaimer,≤100
101011128446841,Bündnis Deutschland,Bündnis Deutschland,≤100
2015022955380034,Landtag von Baden-Württemberg,Landtag von Baden-Württemberg,≤100
558754197477014,DIE LINKE. Hessen,DIE LINKE. Hessen,≤100
271940556181958,Kreisbote Fürstenfeldbruck,Kreisbote Fürstenfeldbruck,≤100
161990010584761,Stiftung Demokratie Saarland,Stiftung Demokratie Saarland,≤100
102935892619734,dieBasis Würzburg,dieBasis Kreisverband Würzburg,≤100
111210815250659,vian px,These ads ran without a disclaimer,≤100
260750027418707,GRÜNE Germering,GRÜNE Germering,≤100
303855196900,Paradigma,Ritter Energie- und Umwelttechnik GmbH & Co. KG,≤100
123523341045520,DIE FAMILIENUNTERNEHMER,Die Familienunternehmer,≤100
132505256799678,Linksfraktion Berlin,Linksfraktion Berlin,≤100
100572773318575,Ärzte der Welt,Ärzte der Welt e.V.,≤100
122093548604018527,Waterlogged Thankful,These ads ran without a disclaimer,≤100
102931517967588,Freie Wähler Pommelsbrunn,FREIE WÄHLER Pommelsbrunn,≤100
1456319554653709,aktiv-online,These ads ran without a disclaimer,≤100
103980461399985,B12 Ausbau - so nicht,Bündnis 90 / Die Grünen im Ostallgäu,≤100
106516184465027,DieBasis,dieBasis Basisdemokratische Partei Deutschland,≤100
122104920854003728,Exalted Whole,These ads ran without a disclaimer,≤100
192657121354553,Online-Streetwork,AVP e.V.,≤100
450345241685505,Welttierschutzgesellschaft - WTG e.V.,Welttierschutzgesellschaft - WTG e.V.,≤100
1783417735277557,Martin Reichardt,Martin Reichardt,≤100
938587379491828,DIE LINKE. Kreisverband Frankfurt am Main,DIE LINKE. Kreisverband Frankfurt am Main,≤100
1408227582747086,Dr. Marc Sturm,Dr. Marc Sturm,≤100
133629520009252,OroVerde,OroVerde,≤100
110617694825518,Matthias Krieger - für mehr Bewegung in unserem Regensburg,Matthias Krieger - für mehr Bewegung in unserem Regensburg,≤100
1473882089415781,Cemal Bozoğlu MdL,Cemal Bozoğlu MdL,≤100
104709558232,Handelsblatt,These ads ran without a disclaimer,≤100
108419625876879,Wirtschaftsjunioren Bayern e. V.,Wirtschaftsjunioren Bayern e.V.,≤100
344338202322791,WürzburgSPD,WürzburgSPD,≤100
116204691561186,Timo Böge,Timo Böge,≤100
113348498308044,SPIN 2030,"Sächsisches Staatsministerium für Wissenschaft, Kultur und Tourismus",≤100
369567809754486,Open Society Roma Initiatives,the Open Society Foundations,≤100
119395594503779,stephaniehaberl.photography,These ads ran without a disclaimer,≤100
104862725436672,Deutscher Verband Flüssiggas,Deutscher Verband Flüssiggas e.V. (DVFG),≤100
253898164662711,FDP Seligenstadt,FDP Seligenstadt,≤100
331085703648232,Deutscher Verkehrssicherheitsrat - DVR,Deutscher Verkehrssicherheitsrat,≤100
891678620940153,Grüne Kaufbeuren,"BÜNDNIS 90/DIE GRÜNEN, Stadtverband Kaufbeuren",≤100
195201140555831,Heimat Wetterau,Heimat Wetterau,≤100
583471598446291,Grüne Kreisverband Roth,Grüne Kreisverband Roth,≤100
242343555837158,Männer,blu media network GmbH,≤100
286227908083314,Robert Bosch Stiftung,Robert Bosch Stiftung,≤100
168504623205787,Stadtportal Wernigerode,Stadt Wernigerode,≤100
147245511963527,DGB,Deutscher Gewerkschaftsbund (DGB),≤100
1463346287219503,CDU-Ratsfraktion Bonn,CDU-Ratsfraktion Bonn,≤100
141345402562251,DGB Jugend,DGB Jugend,≤100
1549059625339930,AfD Kreisverband Würzburg,AfD Kreisverband Würzburg,≤100
100400274790320,Liva Dalin,These ads ran without a disclaimer,≤100
112939050336757,Landeszentrale für Umweltaufklärung RLP,Landeszentrale für Umweltaufklärung Rheinland-Pfalz,≤100
102006794630627,GRÜNE Hersbruck,BÜNDNIS 90/DIE GRÜNEN,≤100
274000059331698,DEMO - Die Fachzeitschrift für Kommunalpolitik,DEMO - Die Fachzeitschrift für Kommunalpolitik,≤100
501380493240659,Grüne Passau-Stadt,BÜNDNIS 90/DIE GRÜNEN Passau-Stadt,≤100
105537757585128,Freie Demokraten im Thüringer Landtag,Freie Demokraten im Thüringer Landtag,≤100
1509344156054331,AfD Darmstadt,AfD-Kreisverband Darmstadt,≤100
184292581602575,NORD/LB - Norddeutsche Landesbank Girozentrale,These ads ran without a disclaimer,≤100
114554831934355,Tierschutzbund,These ads ran without a disclaimer,≤100
236044090111,VDI Verein Deutscher Ingenieure,VDI Verein Deutscher Ingenieure e.V.,≤100
104631145329678,Bayernpartei Kreisverband Fürstenfeldbruck,Bayernpartei e.V.,≤100
1647287978862114,Mainova,These ads ran without a disclaimer,≤100
104846127987777,Lehrerinfos Jan Gisbertz,These ads ran without a disclaimer,≤100
100363378760233,via bonum,via bonum AG,≤100
212830898880956,Prof. Michael Kaufmann,"Wahlkreisbüro Prof. Michael Kaufmann, MdB",≤100
105639222634832,Infamous Pesky,These ads ran without a disclaimer,≤100
103343858375708,Martin Schmidt - AfD MdL,Martin Schmidt,≤100
109209802206861,Planet-Freak,Planet-Freak,≤100
590979567933846,Duravit AG,These ads ran without a disclaimer,≤100
197647650755276,Diakonie Schleswig-Holstein,Diakonie Schleswig-Holstein,≤100
222955021401253,Roland P. Bayer Landtagskandidat Stimmkreis 308 Weiden,Roland P. Bayer Landtagskandidat Stimmkreis 308 Weiden,≤100
108625789179165,Soi Dog Foundation,These ads ran without a disclaimer,≤100
848908368459075,André Wendt,André Wendt,≤100
235834646439415,DEHOGA Sachsen,DEHOGA Sachsen,≤100
157315174298307,DAK-Gesundheit,DAK-Gesundheit,≤100
401777539846712,politjobs.de,polisphere GmbH,≤100
193608491239022,Freifam,Freifam.de,≤100
228618550513119,sagwas,sagwas,≤100
1415068268801621,Ratgeber-Ofen,"HKI - Industrieverband Haus-, Heiz- und Küchentechnik e. V.",≤100
1325396230840080,Die Urbane. Eine HipHop Partei,Die Urbane. Eine HipHop Partei,≤100
104812482701077,Dr Frank Sommerfeld FDP Dachau,Dr. Frank Sommerfeld,≤100
552695711422350,SPD München - Schwabing.Alte Heide,SPD Schwabing.Alte Heide,≤100
358334794284128,"Raimund Köstler, ÖDP-Stadtrat","Raimund Köstler, ÖDP-Stadtrat",≤100
1046725688691730,Astrologische Beratung Aschaffenburg Dinah Jacobi,These ads ran without a disclaimer,≤100
122095484306010983,Notizen aus der Pathologie,These ads ran without a disclaimer,≤100
107484069279333,tegut...,These ads ran without a disclaimer,≤100
101931802986349,balmark_de,These ads ran without a disclaimer,≤100
114305191932520,Pro Wildlife e.V.,Pro Wildlife e.V.,≤100
122093428616017280,Organic Attractive,These ads ran without a disclaimer,≤100
141335759357643,rnv,Rhein-Neckar-Verkehr GmbH,≤100
485323878215327,Freie Wähler Freyung-Grafenau,Freie Wähler Freyung-Grafenau,≤100
146065456036874,Israel Innovation Authority,These ads ran without a disclaimer,≤100
1063723260326906,CSU Kreisverband Miltenberg,CSU Kreisverband Miltenberg,≤100
2350091775020204,Model scout,These ads ran without a disclaimer,≤100
121789724227351,Climate and Earth Science,Climate and Earth Science,≤100
170813019659671,Stadtwerke Tübingen: Wir wirken mit.,Stadtwerke Tübingen GmbH,≤100
90523314133,"Sozialistische Gleichheitspartei, IV Internationale - SGP","Sozialistische Gleichheitspartei, Vierte Internationale",≤100
104840074825135,Frank Rinck,Frank Rinck,≤100
106992109352979,VSE-Gruppe,VSE-Gruppe,≤100
102667815247083,Stiftung Forum Recht,Stiftung Forum Recht,≤100
510695342636413,Oliver von Falkenburg,Oliver von Falkenburg,≤100
580405635700128,ÖDP Günzburg,"Ökologisch Demokratische Partei, Kreisverband Günzburg",≤100
427867583942519,Freunde für Deutschland FfD,Freunde für Deutschland FfD,≤100
1695216187437098,Albrecht Glaser,Albrecht Glaser,≤100
104189692764403,Günther Koch,Bündnis 90/Die Grünen Kreisverband Main-Kinzig,≤100
115592501621946,4.our.lovers,These ads ran without a disclaimer,≤100
122097217742008310,Whispered Forsaken,These ads ran without a disclaimer,≤100
105394745070745,VSE NET GmbH,These ads ran without a disclaimer,≤100
140443376163779,Martin Stümpfig,Martin Stümpfig Landtagsabgeordneter,≤100
355456486093,Lars Klingbeil,Lars Klingbeil,≤100
105411962299479,AEF,AUDI AG,≤100
101046479683083,Dima Landau,These ads ran without a disclaimer,≤100
278311789001540,"Barbara Becker, MdL",Barbara Becker MdL,≤100
100498955305652,advokat_kuschnir,These ads ran without a disclaimer,≤100
105967089159849,digitaler_primat,These ads ran without a disclaimer,≤100
104291664813547,AfD-Fraktion Hamm,AfD-Fraktion Hamm,≤100
104182292603719,Bündnis Deutschland im Rat der Stadt Brühl,Bündnis Deutschland im Rat der Stadt Brühl,≤100
346271552160809,DIE LINKE. Neukölln,DIE LINKE.Neukölln,≤100
107268265448004,marvin_kliem,These ads ran without a disclaimer,≤100
111609191907213,Thomas Schwarzenberger,Thomas Schwarzenberger,≤100
1237818033002038,"Rüdiger Lucassen, MdB","Rüdiger Lucassen, MdB",≤100
103206925402735,FUND THE PLANET,These ads ran without a disclaimer,≤100
103324904374317,VSE Karriere,VSE AG,≤100
100129728988901,Matthias Bullmahn,These ads ran without a disclaimer,≤100
1664295653852819,Unabhängige Patientenberatung Deutschland  - UPD,UPD Patientenberatung Deutschland gGmbH,≤100
1480629555563806,Bündnis 90/Die Grünen Seligenstadt,Bündnis 90/Die Grünen Seligenstadt,≤100
122119574024001480,Powerful Definite,These ads ran without a disclaimer,≤100
122138060594001044,Partial Worldly,These ads ran without a disclaimer,≤100
102921707941613,Simple App,These ads ran without a disclaimer,≤100
122101787138002742,Smoggy Testy,These ads ran without a disclaimer,≤100
106626487721376,Amazon Europe,Amazon Europe,≤100
1429319224003669,"Аглая Датешидзе - любовь, развитие, творчество",These ads ran without a disclaimer,≤100
204593426953125,AfD-Paderborn,AfD-Paderborn,≤100
108395028639276,Vernunft geht über Ideologie,Vernunft geht über Ideologie,≤100
113396290044519,Toni Schuberl,These ads ran without a disclaimer,≤100
326547101058452,Reinhard Brandl,Dr. Reinhard Brandl MdB,≤100
107197035448798,Bundesfachverband Betriebliche Soziale Arbeit e.V.,Bundesfachverband Betriebliche Soziale Arbeit e.V.,≤100
113425035133921,FW Roland Prießnitz,These ads ran without a disclaimer,≤100
106378065617492,Marvin Kliem - SPD,Marvin Kliem,≤100
486203081469505,Johannes Vogel,Johannes Vogel,≤100
1004883576238809,GoodJobs,These ads ran without a disclaimer,≤100
677683935578882,BAG SELBSTHILFE,BAG SELBSTHILFE e.V.,≤100
122101449458008610,Wellworn Dazzling,These ads ran without a disclaimer,≤100
122102527094008782,Terrific Lined,These ads ran without a disclaimer,≤100
106675584942040,Stadt Plauen,These ads ran without a disclaimer,≤100
114506384984258,Thomas Rosspacher - Bezirksbeirat AfD in Stuttgart,Thomas Rosspacher,≤100
158059954364490,Das Prinzip Apfelbaum,Das Prinzip Apfelbaum,≤100
122470480945860,Grüne Jugend Frankfurt,Grüne Jugend Frankfurt,≤100
419936748033984,Ausbildung Wellpappenindustrie,These ads ran without a disclaimer,≤100
144827455697988,asphericon,asphericon GmbH,≤100
104784105787149,Bündnis Deutschland Nordrhein-Westfalen,Bündnis Deutschland,≤100
156896527693371,Berthold Hengge,Berthold Hengge,≤100
106530782704194,BcmA,These ads ran without a disclaimer,≤100
190633894286732,Diakonie Katastrophenhilfe,Diakonie Katastrophenhilfe,≤100
197633989769,monte mare,monte mare,≤100
1799478453653006,Demokratie in Bewegung,DEMOKRATIE IN BEWEGUNG,≤100
111966704902842,walter.schafer,These ads ran without a disclaimer,≤100
103575739250598,Palästina Internationaler Rundfunk,These ads ran without a disclaimer,≤100
185890618101849,Romero Initiative - CIR,Christliche Initiative Romero,≤100
1060248910727859,"Thomas Seitz, MdB","Thomas Seitz, MdB",≤100
209946752355371,"Aktionsbündnis ""Tiere gehören zum Circus""",These ads ran without a disclaimer,≤100
1663359223972934,AfD Ebersberg,"Alternative für Deutschland (AfD), Kreisverband Ebersberg",≤100
100527912043392,EWIA Green Investments GmbH,These ads ran without a disclaimer,≤100
417517061951550,Einfach da für dich,ABDA - Bundesvereinigung Deutscher Apothekerverbände e. V.,≤100
125703740803324,Africa Positive e.V.,Africa Positive e.V.,≤100
156155281149864,FDP Köln,FDP Köln,≤100
155171461584819,BÜNDNISGRÜNE-Fraktion Sachsen,Fraktion BÜNDNIS 90/DIE GRÜNEN im Sächsischen Landtag,≤100
850743671661412,Kirche im NDR,Kirche im NDR,≤100
1907103892894001,Jessica Buch • Zeit für Meer • Social Media Marketing • Content Creation,These ads ran without a disclaimer,≤100
134852682088601,Gereon Bollmann,"Gereon Bollmann, MdB",≤100
197241540388961,CDU Hennef - Die Hennefpartei.,CDU Hennef,≤100
252217071494195,Inklusives Arbeitsleben,LWL-Inklusionsamt Arbeit,≤100
105237008197753,Matthias Moosdorf MdB,Matthias Moosdorf,≤100
104934106029846,redm_rx,These ads ran without a disclaimer,≤100
235630759933135,AfD Magdeburg,AfD Magdeburg,≤100
106746605064360,divelovers_org,These ads ran without a disclaimer,≤100
444096578976263,Die Familienunternehmer/Die Jungen Unternehmer Bremen,Die Familienunternehmer/Die Jungen Unternehmer Bremen,≤100
392492927554286,Daniel Roi,Daniel Roi,≤100
136815499687911,SPD-Landtagsfraktion Baden-Württemberg,SPD-Landtagsfraktion Baden-Württemberg,≤100
109120315141988,Deutsche Sacharow Gesellschaft,Deutsche Sacharow-Gesellschaft e.V.,≤100
40874340559,Mehr Demokratie e.V.,Mehr Demokratie e.V.,≤100
113959368688613,SPD-Landtagsfraktion Saarland,SPD-Landtagsfraktion Saarland,≤100
910790398984963,AfD Schleswig-Holstein,AfD Landesverband Schleswig-Holstein,≤100
195360647155114,Kulturzentrum Pelmke e.V.,These ads ran without a disclaimer,≤100
128869653825074,Greenville Municipal Auditorium,These ads ran without a disclaimer,≤100
1137644026292121,medica mondiale e. V.,These ads ran without a disclaimer,≤100
137771196652740,AfD-Fraktion im Landtag von Baden-Württemberg,AfD-Fraktion im Landtag von Baden-Württemberg,≤100
104429105278155,Dương Oanh,These ads ran without a disclaimer,≤100
104812482701077,Dr Frank Sommerfeld FDP Dachau,These ads ran without a disclaimer,≤100
106638285547003,Paradox ZZ cat,These ads ran without a disclaimer,≤100
331622844197016,Robert Lambrou,Robert Lambrou,≤100
122096949746006574,Splendid Private,These ads ran without a disclaimer,≤100
1439163392818750,Żaklin Nastic,Zaklin Nastic,≤100
112423415190078,Dr. Wolfgang Pöschl,Dr. Wolfgang Pöschl,≤100
133306764192,NABU Bundesverband,These ads ran without a disclaimer,≤100
153643435238174,Demokratie 3.0,Demokratie 3.0,≤100
114979296549882,Eric Leiderer,Eric Leiderer,≤100
179615825577477,Pro Hamm,Pro Hamm,≤100
10150158634595002,Grüne Augsburg,Bündnis 90/DIE GRÜNEN Stadtverband Augsburg,≤100
102446005955666,Bio life,These ads ran without a disclaimer,≤100
146699989389687,Orte der Demokratiegeschichte,Gesellschaft zur Erforschung der Demokratie-Geschichte,≤100
191164085731,Adveniat,Adveniat,≤100
120472004298192,DIE LINKE. im Ilm-Kreis,DIE LINKE. Kreisverband Ilm-Kreis,≤100
370592709617945,Schwäbische,Schwäbische,≤100
114484108586773,CDU-Fraktion Leipzig,CDU-Fraktion im Stadtrat zu Leipzig,≤100
267489696755162,ELEMENTS,These ads ran without a disclaimer,≤100
130374060326405,Diakonie RWL,Diakonisches Werk Rheinland-Westfalen-Lippe e.V.,≤100
123695861022292,Schwarzesocke Mailorder,Schwarzesocke Mailorder,≤100
114351968415208,Andreas Hübgen - Bürgermeisterkandidat Illingen,CDU Saar,≤100
420073048131424,Partykalle,These ads ran without a disclaimer,≤100
615254905227149,SPD Gräfenberg,SPD Ortsverein Gräfenberg,≤100
100334279287899,Christian Frölich,Christian Frölich,≤100
101067498138084,Salzburg Verkehr,These ads ran without a disclaimer,≤100
182011321834768,INES AG,These ads ran without a disclaimer,≤100
136218413073164,PowerShift e.V.,PowerShift,≤100
217372548321966,CDU Trier,CDU Kreisverband Trier-Stadt,≤100
1995165164067234,European Roma Institute for Arts and Culture - ERIAC,These ads ran without a disclaimer,≤100
382618135271450,Dreluso Pharmazeutika,DRELUSO Pharmazeutika,≤100
100178565448704,Trina Storage,These ads ran without a disclaimer,≤100
291247034382976,Umweltbewusst Bauen,These ads ran without a disclaimer,≤100
109519655084410,Bündnis Deutschland - Stadt Bochum,Bündnis Deutschland - Stadt Bochum,≤100
110310232115162,Visit_Tenerife,These ads ran without a disclaimer,≤100
154128637982012,TV Gelnhausen - Handball,These ads ran without a disclaimer,≤100
105298809062043,Michael Sommerfeld,These ads ran without a disclaimer,≤100
602487899802568,Özlem Alev Demirel,Özlem Alev Demirel,≤100
251626411839434,Anton Baron MdL,Anton Baron MdL,≤100
1107995049275949,Maximilian Bathon - Landtagskandidat Kassel Ost,Maximilian Bathon,≤100
19746387261,Humane Society International,These ads ran without a disclaimer,≤100
22893372268,BMW,These ads ran without a disclaimer,≤100
100820098457616,AfD-Fraktion Bergisch Gladbach,AfD-Fraktion Bergisch Gladbach,≤100
108141357768918,PRIO1 - Das Klima-Netzwerk,Klimastiftung für Bürger,≤100
102372211623711,AfD Stadtratsfraktion Augsburg,AfD Stadtratsfraktion Augsburg,≤100
331746776850750,Univadis,These ads ran without a disclaimer,≤100
1287910941236600,AfD Fraktion Darmstadt,AfD-Darmstadt-Fraktion,≤100
101890798991653,danianovini,These ads ran without a disclaimer,≤100
125059614013529,Wissen ohne Ende,Bürger Engagement Stuttgart,≤100
273454591804,SOS-Kinderdorf Deutschland,These ads ran without a disclaimer,≤100
105018555000761,Soziale Republik,Verein für konstruktiven Sozialismus e.V.,≤100
188563151156073,CDU Frankfurt am Main,CDU Kreisverband Frankfurt am Main,≤100
192006797558324,"Arsch huh, Zäng ussenander",Arsch Huh e.V.,≤100
700577889971139,PENNY,PENNY,≤100
111262998220962,The Lodge Mallorca,These ads ran without a disclaimer,≤100
167330623321780,SPD-Fraktion Dresden,SPD-Fraktion Dresden,≤100
274393199630147,Matthias Nölke,Matthias Nölke,≤100
106520107419454,Daniel Rauschenberger,These ads ran without a disclaimer,≤100
161013031430125,Roland Magerl,These ads ran without a disclaimer,≤100
383409018806315,Eric Pärisch,Eric Pärisch,≤100
185714238254975,LATIN DAYS in Hamburg,These ads ran without a disclaimer,≤100
109179885581820,wfd_kgd,These ads ran without a disclaimer,≤100
242641809484926,Joana Cotar,Joana Cotar,≤100
122101316504004328,Surprised Honorable,These ads ran without a disclaimer,≤100
101618456318849,Embrace Design Co.,These ads ran without a disclaimer,≤100
107693785739860,For Ukrainians,These ads ran without a disclaimer,≤100
122098714142009185,Wiggly Icky,These ads ran without a disclaimer,≤100
122097123350008253,Accomplished Vibrant,These ads ran without a disclaimer,≤100
122097102284011049,Forceful Annual,These ads ran without a disclaimer,≤100
122097323984008559,Weary Numb,These ads ran without a disclaimer,≤100
138889259456937,CDU Wetterau,CDU Wetterau,≤100
273052786789190,Football Dream,These ads ran without a disclaimer,≤100
106928842354939,dex52_official,These ads ran without a disclaimer,≤100
622489544781824,Marcus Johnen,Marcus Johnen (CDU),≤100
167232096631820,CDU Stadtverband Merzig,CDU Stadtverband Merzig,≤100
630172117364339,POST von GEHRKE,POST von GEHRKE,≤100
1004775922873604,Diözese Rottenburg-Stuttgart,These ads ran without a disclaimer,≤100
225083245502119,Wahnsinn_Familie,These ads ran without a disclaimer,≤100
182169668555722,SPD Ingolstadt,SPD Ingolstadt,≤100
577102715692849,AfD-Kreisverband Main-Kinzig,AfD-Kreisverband Main-Kinzig,≤100
109436900914743,Michael Götz-Pijl - Die PARTEI,Michael Götz-Pijl - Die PARTEI,≤100
112487151226555,Paul Timm - Mitglied des Landtages,Paul Timm - Mitglied des Landtages,≤100
103623974629050,FDP im Schloss,FDP-Fraktion in der Regionalversammlung,≤100
729931240351201,Andreas Schwarz,Andreas Schwarz,≤100
343842885806753,Berliner Klimatag,BUND Berlin e.V.,≤100
121350077606622,May cham,These ads ran without a disclaimer,≤100
556036227755579,DGB Kreisverband Wiesbaden Rheingau-Taunus,DGB Kreisverband Wiesbaden Rheingau-Taunus,≤100
111617133946282,Dr. Björn Brenner,Dr. Björn Brenner,≤100
141335759357643,rnv,These ads ran without a disclaimer,≤100
103322409119252,Merten Niebelschütz,Grüne Regensburg Land,≤100
115246794951711,munichcircle,These ads ran without a disclaimer,≤100
103209161677640,parteiderhumanisten_bayern,These ads ran without a disclaimer,≤100
705394482959403,Handbook Germany,These ads ran without a disclaimer,≤100
655866611703957,Bürgerinitiative BIENE,These ads ran without a disclaimer,≤100
250813871652141,SPD Laatzen,SPD Laatzen,≤100
802107323183602,Uwe Damm Trainingheads with quality Hair,These ads ran without a disclaimer,≤100
1999605953684482,Walentina Dahms,These ads ran without a disclaimer,≤100
1507294599574371,CDU Grömitz,CDU Grömitz,≤100
503009906450493,w wie weiblich,These ads ran without a disclaimer,≤100
334931753545503,AfD Kreisverband Aichach-Friedberg,AfD Kreisverband Aichach-Friedberg,≤100
1198666060158811,CDU Zetel-Neuenburg,CDU Zetel-Neuenburg,≤100
962515153832894,Christopher Förster,Christopher Förster MdA,≤100
100345856289463,starnbergfdp,These ads ran without a disclaimer,≤100
359669268020620,Moin Liebe - Tschüss Hass,Laut gegen Nazis e.V.,≤100
495625670589869,Diabetiker Niedersachsen e.V.,Diabetiker Niedersachsen e.V.,≤100
611910082337980,VerbraucherCheck.net,Verbrauchercheck.net,≤100
205638336210232,CDU Arnsberg,CDU Arnsberg,≤100
1936434949715365,Moneywise.com,These ads ran without a disclaimer,≤100
1872819516294418,Anja Zeller,Bündnis 90/Die Grünen Kreisverband Main-Kinzig,≤100
105667114420101,"Thomas Thumm, MdL","Thomas Thumm, MdL",≤100
497441716983976,Schaller Sebastian,These ads ran without a disclaimer,≤100
290083287859449,Grüne Schmalkalden Meiningen Suhl,Grüne Schmalkalden Meiningen Suhl,≤100
111685072010012,News and Entertainment,These ads ran without a disclaimer,≤100
209224756290091,Fabian Wamser,Fabian Wamser,≤100
135005013192622,Linksfraktion Sachsen,Linksfraktion Sachsen,≤100
135239426523955,KfW Bankengruppe,These ads ran without a disclaimer,≤100
111406505155747,Jana Jeuck,Jana Jeuck,≤100
101823159127895,Hoàng Quân Group,These ads ran without a disclaimer,≤100
101050452997777,Investmentorin,These ads ran without a disclaimer,≤100
122097292094010416,Bony Revolving,These ads ran without a disclaimer,≤100
114025938452734,FactFusion,These ads ran without a disclaimer,≤100
302829863147214,Baden-Württemberg Stiftung,Baden-Württemberg Stiftung,≤100
116102884833928,توحید الاقتصاد - Unifying Economies,These ads ran without a disclaimer,≤100
115420728280283,VimeR,These ads ran without a disclaimer,≤100
780624878973698,Thinletter Österreich,These ads ran without a disclaimer,≤100
1812249139094166,Ronny Kumpf,AfD,≤100
125413084248105,FLMH  Labor für Politik und Kommunikation GmbH,FLMH | Labor für Politik und Kommunikation,≤100
257896424382088,JRE-Deutschland,These ads ran without a disclaimer,≤100
106431021810573,Studio by the Seaside,These ads ran without a disclaimer,≤100
101674467250244,ProStaff GmbH,These ads ran without a disclaimer,≤100
101001072722566,Bio mood,These ads ran without a disclaimer,≤100
115715222492320,Kevin Nehls,Kevin Nehls,≤100
172348652806226,DEKRA,These ads ran without a disclaimer,≤100
485193628223106,Navalny Team,These ads ran without a disclaimer,≤100
300286720848369,Michaela Schreiber,Michaela Schreiber,≤100
582870681731673,Marion Schardt-Sauer MdL,Marion Schardt-Sauer,≤100
109818832140776,Funimals,These ads ran without a disclaimer,≤100
348979855478911,Esra Limbacher,Esra Limbacher,≤100
82055658434,CARE Deutschland e.V.,CARE Deutschland e.V.,≤100
890524711033887,Personio,These ads ran without a disclaimer,≤100
106612195833079,Free_lgbtq_de,Universität Vechta,≤100
105761409451782,CDU Spandau,CDU Spandau,≤100
117212398297462,S. Siedle & Söhne,These ads ran without a disclaimer,≤100
361845737551618,SERA Institut,These ads ran without a disclaimer,≤100
108274908974703,Roland Becker,Roland Becker,≤100
113975790291785,Hörnlein Rechtsanwälte,These ads ran without a disclaimer,≤100
225381241578073,Tobias Eckert,These ads ran without a disclaimer,≤100
677376205783261,AfD Fraktion Stadt und Kreis Gifhorn,AfD Fraktion Gifhorn,≤100
139591762718793,IHK Darmstadt,IHK Darmstadt,≤100
107371478102983,Christian Berger,These ads ran without a disclaimer,≤100
113225918731351,B90/Die Grünen Buxtehude-Apensen,B'90/Die Grünen Buxtehude-Apensen,≤100
102419134887228,"Joachim Steyer, AfD","Joachim Steyer, AfD",≤100
114945728188160,ruben_dietze,These ads ran without a disclaimer,≤100
103353192717357,Daniel Schreiner,These ads ran without a disclaimer,≤100
105994201980331,Wording Stories,These ads ran without a disclaimer,≤100
178032906642,CDU Rheinland-Pfalz,CDU Rheinland-Pfalz,≤100
102761209448341,Christin Ziegler - Landtagskandidatin für Schwalm-Eder Süd,CDU Schwalm-Eder,≤100
117351841456940,TP,These ads ran without a disclaimer,≤100
107898832590939,European Commission,European Commission,≤100
173369732686833,Bündnis90/Die Grünen Frankfurt,BÜNDNIS 90/DIE GRÜNEN KV Frankfurt,≤100
110058165339762,Gegenstimme Mainstream,These ads ran without a disclaimer,≤100
134699913249529,SodaStream Deutschland,These ads ran without a disclaimer,≤100
107140025016889,ELMAR GEHRKE,ELMAR GEHRKE,≤100
293486467392372,SPD Mainz,SPD Mainz,≤100
223078917757220,GEW Saarland,GEW,≤100
107139425820538,Bear Leader,These ads ran without a disclaimer,≤100
110053874785893,villagegreen.studio,These ads ran without a disclaimer,≤100
106872097663682,Kollektiv Zukunft,These ads ran without a disclaimer,≤100
245106622258525,CDU-Fraktion Land Bremen,CDU-Bürgerschaftsfraktion Bremen (Landtag),≤100
158473339889,roterkeil.net,These ads ran without a disclaimer,≤100
1261693697218253,Marco Winkler - Die Linke,These ads ran without a disclaimer,≤100
101552003045777,Excitees.US,These ads ran without a disclaimer,≤100
69404712263,Denny Möller,"Denny Möller, MdL",≤100
1052800054735963,Perfect Carwash,These ads ran without a disclaimer,≤100
101124152778573,maximilian_boeltl,These ads ran without a disclaimer,≤100
204309416267683,SPD UB Nürnberger Land,Iris Lederer,≤100
193178474048113,SPD-Ortsverein Vaterstetten,These ads ran without a disclaimer,≤100
167892584140943,Fabian Sauer / Die Grünen,These ads ran without a disclaimer,≤100
506213122791503,Tobias Beck,Tobias Beck,≤100
957666270947312,younity,These ads ran without a disclaimer,≤100
337954219575798,VBE NRW,Verband Bildung und Erziehung NRW e.V.,≤100
101185656381967,Mit Migrationshintergrund für Deutschland,Mit Migrationshintergrund für Deutschland,≤100
188188564583,FDP Hessen,FDP Hessen,≤100
250909095496477,Florian Köhler,These ads ran without a disclaimer,≤100
103306446015424,patchwrkfmly,These ads ran without a disclaimer,≤100
151649145006,Citizens of Europe,Citizens of Europe e.V.,≤100
144709575593854,EESC - European Economic and Social Committee,EESC - European Economic and Social Committee,≤100
102332725109749,Boardgame Historian,These ads ran without a disclaimer,≤100
148130938686693,Mister X BY Streetpunk,These ads ran without a disclaimer,≤100
101020757916734,Das blaue Auge,Das blaue Auge,≤100
457247344370557,Alexander Flierl - Mitglied des Bayerischen Landtags,Alexander Flierl * Mitglied des Landtags,≤100
131458137929,FDP/DVP-Fraktion im Landtag Baden-Württemberg,FDP/DVP-Fraktion im Landtag Baden-Württemberg,≤100
705394482959403,Handbook Germany,Neue deutsche Medienmacher e.V. with ad credits,≤100
313744767921,der Freitag,These ads ran without a disclaimer,≤100
151921725498528,Ines Claus MdL,Ines Claus MdL,≤100
110327595461977,die.schwere.der.stille,These ads ran without a disclaimer,≤100
108045785721503,Aktualności 24/7,These ads ran without a disclaimer,≤100
113287678435662,Majoritas Academy,These ads ran without a disclaimer,≤100
105804915956954,thecrescentboutique_etsy,These ads ran without a disclaimer,≤100
107793222405756,USA_Partner The Icon เปิดรับตัวแทนจำหน่าย,These ads ran without a disclaimer,≤100
122097132584006948,Fuzzy Favorite,These ads ran without a disclaimer,≤100
122104972490000686,Delicious Dependable,These ads ran without a disclaimer,≤100
2390058227950123,Alexander Kotz,Alexander Kotz,≤100
283346619686,Jusos Augsburg,SPD Augsburg,≤100
113610432004899,Hockey is Diversity e.V.,Hockey is Diversity e.V.,≤100
1637562386499477,Steigmiller's Bio-Hofladen,SD-Services - BioBook-Online,≤100
289549144910652,Max Schad,Max Schad,≤100
2278520139083178,Nautica Music Events,Nautica Music Events,≤100
210815045722761,Achtung für Tiere e.V.,Achtung für Tiere e.V.,≤100
110715173724,SPD Region Hannover,SPD Region Hannover,≤100
413056908788591,Steven A. Yagyagan Author & Poet,These ads ran without a disclaimer,≤100
427081657332874,ME2BE,ME2BE,≤100
543002705887786,The Independent Photographer,These ads ran without a disclaimer,≤100
1455490004668325,S. Fischer Verlage,These ads ran without a disclaimer,≤100
111255634932376,Bürgerinitiative Eldetal,Bürgerinitiative Eldetal,≤100
369567809754486,Open Society Roma Initiatives,These ads ran without a disclaimer,≤100
344556287396,Penguin Bücher,These ads ran without a disclaimer,≤100
107773270578261,Innstitut,These ads ran without a disclaimer,≤100
111179215279927,AWO Bayern,These ads ran without a disclaimer,≤100
880440092115839,LAG Selbsthilfe RLP,These ads ran without a disclaimer,≤100
349663621753219,ver.di Bayern,These ads ran without a disclaimer,≤100
121482574682034,FDP Solingen - Kreisverband,FDP Solingen,≤100
111439015547005,Masdar,These ads ran without a disclaimer,≤100
498082906898583,Spotify,These ads ran without a disclaimer,≤100
102568242781559,B-IT Service GmbH,These ads ran without a disclaimer,≤100
101219365375420,Ottmar Handl Immobilien,These ads ran without a disclaimer,≤100
108737548215860,Ralf Schwarzkopf,Ralf Schwarzkopf,≤100
107070032816584,Grüne Offenbach,B90/DIE GRÜNEN Kreisverband Offenbach Stadt,≤100
171663852895480,newstime,These ads ran without a disclaimer,≤100
873245869460562,Violence Prevention Network,VPN e.V.,≤100
108166328978227,froehlichinbezirkstag,These ads ran without a disclaimer,≤100
101030739685935,FB Connector 1,These ads ran without a disclaimer,≤100
117738101626747,GP JOULE,These ads ran without a disclaimer,≤100
100793212531924,Invest Ontario,These ads ran without a disclaimer,≤100
16697124481,Amerikahaus München,Stiftung Bayerisches Amerikahaus gGmbH - Bavarian Center for Transatlantic Relations,≤100
105832965919021,Circulationes-UK,These ads ran without a disclaimer,≤100
103993844688559,FDP Bruchköbel,FDP Ortsverband Bruchköbel,≤100
109429962111390,forever.happy.nadine,These ads ran without a disclaimer,≤100
793179084064795,SPD Ratsfraktion Osnabrück,SPD Ratsfraktion Osnabrück,≤100
180053028783087,JU Kreisverband Günzburg,Junge Union Kreisverband Günzburg,≤100
100867292653286,The Anti-Corruption Foundation,These ads ran without a disclaimer,≤100
1499762273389494,Finanzverwaltung Nordrhein-Westfalen,Finanzverwaltung Nordrhein-Westfalen,≤100
225012151032427,Bürgerwerke,These ads ran without a disclaimer,≤100
870550286426379,CDU Lohmar,CDU Lohmar,≤100
120872824614152,SPD Schwabach,These ads ran without a disclaimer,≤100
102061058005943,Franz Märtl,These ads ran without a disclaimer,≤100
108300184853403,René Bochmann,René Bochmann,≤100
364403686999151,Flowing Om,These ads ran without a disclaimer,≤100
49017107028,Svenja Schulze,Svenja Schulze,≤100
100733885641078,Anne Monika Spallek,Anne Monika Spallek,≤100
102882402725627,vernopravd,These ads ran without a disclaimer,≤100
525646207451335,Fränkischer Tag Bamberg,These ads ran without a disclaimer,≤100
100464796471416,Blitzwissen,These ads ran without a disclaimer,≤100
109884494836221,Alexander Baer,Alexander Baer,≤100
337376414345515,Björn Eichenauer,Björn Eichenauer,≤100
160590350630358,Frankenwald-CSU,These ads ran without a disclaimer,≤100
116134311588761,Sabine Knuhr SPD Bezirkstagskandidatin,Sabine Knuhr SPD Bezirkstagskandidatin,≤100
163880937132440,SPD Lahr,SPD OV Lahr,≤100
187099264671409,Handwerker Peters,These ads ran without a disclaimer,≤100
104474685939581,lauravdhengel,These ads ran without a disclaimer,≤100
586514921727029,Sandra Funken,These ads ran without a disclaimer,≤100
109869825207629,Birgit Kannegießer,Birgit Kannegießer,≤100
327230057391449,allbranded DACH,These ads ran without a disclaimer,≤100
102498492930144,"AfD Kreisverband Hassberge, Rhön-Grabfeld","AfD Kreisverband Hassberge, Rhön-Grabfeld",≤100
393459577400921,Die KÄS,dieKÄS,≤100
102325072511441,kommunistische_org,These ads ran without a disclaimer,≤100
1771640246441276,ANJA THALER,These ads ran without a disclaimer,≤100
107011801232098,Jugendforum Nachhaltigkeit Brandenburg,Jugendforum Nachhaltigkeit Brandenburg,≤100
116115257767938,afd.kv.straubing,These ads ran without a disclaimer,≤100
103236094766971,Ulrich T. Christenn - Grüner Stadtrat vom Brill-Arrenberg,Ulrich T. Christenn - Grüner Stadtrat vom Brill-Arrenberg,≤100
120519827980254,Karsten Klein,These ads ran without a disclaimer,≤100
420751304956832,Bündnis 90/Die Grünen Landkreis Miesbach,These ads ran without a disclaimer,≤100
8304333127,The Wall Street Journal,These ads ran without a disclaimer,≤100
326260854697064,Die Grünen Erlensee,BÜNDNIS 90/DIE GRÜNEN Ortsverband Erlensee,≤100
124133964331865,Bayerische Rundschau,These ads ran without a disclaimer,≤100
101782688361096,Kevin Leiser,Kevin Leiser,≤100
559749834162086,Grüne Schwarzenbruck,BÜNDNIS90 /DIE GRÜNEN OV Schwarzenbruck,≤100
1119942894694068,Hamburger Hilfskonvoi,Hamburger Hilfskonvoi,≤100
216311481960,Bill Gates,These ads ran without a disclaimer,≤100
109581745496962,Kai-Uwe Hemmerich,These ads ran without a disclaimer,≤100
100551571855372,Lutz Wagner - Alternative für Deutschland,These ads ran without a disclaimer,≤100
109641608797892,Claudia Miller,These ads ran without a disclaimer,≤100
275948812881586,NVV bewegt,Nordhessischer Verkehrsverbund,≤100
220961745285780,Plastik sparen,Plastik sparen,≤100
701822583272278,SPD Hanau,SPD Hanau,≤100
7783116506,Animals Asia,These ads ran without a disclaimer,≤100
103318122654765,GreeneuFuture: EU Citizenship,These ads ran without a disclaimer,≤100
107689694465436,Gerhard Hopp,These ads ran without a disclaimer,≤100
104816726045600,joboffers.germany,These ads ran without a disclaimer,≤100
105454685153533,Bayernpartei Oberpfalz,These ads ran without a disclaimer,≤100
1431748916854797,E-Residency,These ads ran without a disclaimer,≤100
111560692041628,Ugreen_de,These ads ran without a disclaimer,≤100
119613661075387,Birgit Kömpel - Jetzt geht's vorwärts.,Birgit Kömpel - Jetzt geht's vorwärts.,≤100
2032263263703794,AfreeGems.com,These ads ran without a disclaimer,≤100
225381241578073,Tobias Eckert,Tobias Eckert,≤100
100421055394614,Florian Schardt,These ads ran without a disclaimer,≤100
152519821494595,SPD Tornesch,SPD Ortsverein Tornesch,≤100
487359271292536,Greator,These ads ran without a disclaimer,≤100
104532152119905,claudiacummerow,These ads ran without a disclaimer,≤100
100231076366985,Dominik Leyh - Ihr Landtagskandidat in Schwalm-Eder I,CDU Schwalm-Eder,≤100
109503308310732,ImpactGuru India,These ads ran without a disclaimer,≤100
212291104120279,Club Ocean,These ads ran without a disclaimer,≤100
1781036395532301,Grün-Links Ingolstadt GLI,These ads ran without a disclaimer,≤100
121350964566751,DHL Motorsports,These ads ran without a disclaimer,≤100
115009831613298,mikeniceguyxx,These ads ran without a disclaimer,≤100
192218817468378,LEMKEN,These ads ran without a disclaimer,≤100
158059954364490,Das Prinzip Apfelbaum,These ads ran without a disclaimer,≤100
111538095323778,Smaaliege,These ads ran without a disclaimer,≤100
168998779791313,Republic by Omar Farooq,These ads ran without a disclaimer,≤100
125452024225398,ETL,These ads ran without a disclaimer,≤100
261039827828447,Jonas Weber MdL,Jonas Weber MdL,≤100
1299558906757745,Martin Hess MdB,These ads ran without a disclaimer,≤100
100577055119926,friedricheberthaus,These ads ran without a disclaimer,≤100
365685333954209,Eastwest European Institute,These ads ran without a disclaimer,≤100
113822305061411,Dietmar Seidl,These ads ran without a disclaimer,≤100
116619444357082,Repost,These ads ran without a disclaimer,≤100
514480748740424,FES KommunalAkademie,"Friedrich-Ebert-Stiftung, KommunalAkademie",≤100
456442717841951,HarperCollins Deutschland,These ads ran without a disclaimer,≤100
104851342313586,The Lead Nepal,These ads ran without a disclaimer,≤100
305287087054810,Bündnis gegen Rassismus Sachsen,These ads ran without a disclaimer,≤100
103106612849998,Rettet die Passauer Wälder,These ads ran without a disclaimer,≤100
251918098181489,VISUAL STATEMENTS,Bayerisches Staatsministerium für Gesundheit und Pflege,≤100
115509634913391,LoriDesign Studios,These ads ran without a disclaimer,≤100
187926894584772,SWAN MODEL,These ads ran without a disclaimer,≤100
205293582984947,FW Kreisverband Pfaffenhofen,These ads ran without a disclaimer,≤100
905552552842058,Neue Mobilität: bewegt nachhaltig,Ministerium für Verkehr Baden-Württemberg,≤100
103371948762912,Hilfsprojekt San Policarpo e.V.,These ads ran without a disclaimer,≤100
732141083476957,FDP Geseke,FDP Geseke,≤100
192381083777,Hyundai Worldwide,These ads ran without a disclaimer,≤100
114200015068739,Nigerians Deutschland,These ads ran without a disclaimer,≤100
101990985977164,karakayatalks,These ads ran without a disclaimer,≤100
34042575517,Familia Torres,These ads ran without a disclaimer,≤100
100520002404196,Bianca Dausend,These ads ran without a disclaimer,≤100
106399604111157,AfD KV Lichtenfels,These ads ran without a disclaimer,≤100
244935825575754,Lernbiene Verlag,These ads ran without a disclaimer,≤100
159665047473380,Switch Energy Alliance,These ads ran without a disclaimer,≤100
100925458042748,Viatris,These ads ran without a disclaimer,≤100
355312734837549,Artists at Risk,These ads ran without a disclaimer,≤100
118356801554598,EU Food & Farming,These ads ran without a disclaimer,≤100
176153332902143,KunstOrtUnna,These ads ran without a disclaimer,≤100
109209802206861,Planet-Freak,These ads ran without a disclaimer,≤100
545949325459455,nö theater,These ads ran without a disclaimer,≤100
113023812068126,Musik- und Kongresshalle Lübeck - MUK,These ads ran without a disclaimer,≤100
100558666471941,E-THG,These ads ran without a disclaimer,≤100
217372548321966,CDU Trier,These ads ran without a disclaimer,≤100
110017935507420,Robert Erkan,"BÜNDNIS 90/ DIE GRÜNEN Kreisverband Main-Kinzig Calvinstraße 10, 63450 Hanau",≤100
101259151302961,Uschi Nackenhorst - Wechseljahre als Chance,These ads ran without a disclaimer,≤100
1957547871225977,Nikolaus Netzel,These ads ran without a disclaimer,≤100
105590094649222,Sime Z Kucher   سیما  کوچەر,These ads ran without a disclaimer,≤100
621393074986729,ITZBund,These ads ran without a disclaimer,≤100
141931462525928,Heilbronner Stimme,These ads ran without a disclaimer,≤100
105452604796062,SachsenEnergie AG,SachsenEnergie AG,≤100
100826916112192,Infobiznisz,These ads ran without a disclaimer,≤100
385072038756411,"Stephan Oetzinger, MdL",These ads ran without a disclaimer,≤100
108228185581164,Tattoo.by.Vanessa,These ads ran without a disclaimer,≤100
102821294758057,SPD-Kreistagsfraktion Rhein-Sieg,SPD-Kreistagsfraktion Rhein-Sieg,≤100
109725215092123,RFI Українською,These ads ran without a disclaimer,≤100
101097015461816,JReady,These ads ran without a disclaimer,≤100
1849788528608182,Bernd Kiesewetter - Mission Verantwortung,These ads ran without a disclaimer,≤100
1618482418464231,badenova AG & Co. KG,These ads ran without a disclaimer,≤100
108737704829981,Tallinn Digital Summit,These ads ran without a disclaimer,≤100
569070479964121,MAZ Prignitz,MADSACK Market Solutions GmbH,≤100
108053832030842,Istamedica,These ads ran without a disclaimer,≤100
271020696272922,"Daniela Brambilla, Psicologa",These ads ran without a disclaimer,≤100
262027561024421,robert obermeyer consulting,These ads ran without a disclaimer,≤100
100894706195011,Maximilian Ziegler - Landtagskandidat,SPD Vogelsbergkreis,≤100
102840242431190,Analitica,These ads ran without a disclaimer,≤100
140623392662496,RAL,These ads ran without a disclaimer,≤100
103819124866142,Die Wendlandgrünen in Bündnis 90/Die Grünen,BÜNDNIS 90/DIE GRÜNEN Kreisverband Lüchow-Dannenberg,≤100
269807686281,top agrar,These ads ran without a disclaimer,≤100
107876971845787,Die Gerechtigkeitspartei Hagen / Team Todenhöfer,Die Gerechtigkeitspartei Hagen / Team Todenhöfer,≤100
429985070348084,Haven Rotterdam,These ads ran without a disclaimer,≤100
122102743448009634,bam_hennef,These ads ran without a disclaimer,≤100
102244372294847,art19860402,These ads ran without a disclaimer,≤100
111529588478025,viola.konrad.illustration,These ads ran without a disclaimer,≤100
109080508957788,Đại Tá Bác Sĩ Phạm Hòa Lan - Trung Tâm Điều Trị Xương Khớp Tại Nước Ngoài,These ads ran without a disclaimer,≤100
242877865923318,Die Sächsische Union,Die Sächsische Union,≤100
149814141701016,Lateinamerika Nachrichten,These ads ran without a disclaimer,≤100
103377568914127,Wording Reading,These ads ran without a disclaimer,≤100
103269689517115,Curandero Mayor,These ads ran without a disclaimer,≤100
167204829973036,BUND Hessen,These ads ran without a disclaimer,≤100
1510922572534315,Laika Film & Television AB,These ads ran without a disclaimer,≤100
153643435238174,Demokratie 3.0,These ads ran without a disclaimer,≤100
100220026175134,enyovest,These ads ran without a disclaimer,≤100
105861532419622,maximilian.vogel,These ads ran without a disclaimer,≤100
150636586500702,FDP Stadtverband Melsungen,Eskor Werbeagentur im Auftrag FDP Melsungen,≤100
155438574470276,DW українською,These ads ran without a disclaimer,≤100
500398420561,Axel Wintermeyer,CDU Main-Taunus,≤100
101801535177119,X ORGA,These ads ran without a disclaimer,≤100
109501812017258,البديل الماركسي,These ads ran without a disclaimer,≤100
201072006762339,CSU Cham,These ads ran without a disclaimer,≤100
744055308985961,CDU-Fraktion im Landtag Mecklenburg-Vorpommern,CDU-Fraktion im Landtag Mecklenburg-Vorpommern,≤100
314234355346339,CDU Verl,These ads ran without a disclaimer,≤100
1572260406370069,Hagleitner Hygiene International GmbH,These ads ran without a disclaimer,≤100
1471258759768876,"Franz-Robert Liskow, MdL",CDU-Fraktion im Landtag Mecklenburg-Vorpommern,≤100
2265747167028350,Haaretz Labels,These ads ran without a disclaimer,≤100
104965754843943,E-D PartyService,These ads ran without a disclaimer,≤100
110532945403440,InvestBy,These ads ran without a disclaimer,≤100
1810088999013118,Kölner Presseclub e.V.,Kölner Presseclub,≤100
125413084248105,FLMH  Labor für Politik und Kommunikation GmbH,These ads ran without a disclaimer,≤100
1559901027613381,TRT World,These ads ran without a disclaimer,≤100
777876135665678,Für Döbeln: Stefan Trautmann - Gemeinsam Zukunft gestalten,These ads ran without a disclaimer,≤100
875054569220633,Länderbüro Hessen und Rheinland-Pfalz der Friedrich Naumann-Stiftung,Länderbüro Hessen und Rheinland-Pfalz der Friedrich Naumann-Stiftung,≤100
531504136955879,BVB / Freie Wähler - Fraktion im Landtag Brandenburg,BVB / FREIE WÄHLER Fraktion,≤100
113316051735467,Babs Ndiogou,These ads ran without a disclaimer,≤100
343842885806753,Berliner Klimatag,These ads ran without a disclaimer,≤100
399382663526546,Hessisches Staatsballett,These ads ran without a disclaimer,≤100
357751567632105,FWG Büdingen,FWG Büdingen,≤100
393186510822990,e.on,These ads ran without a disclaimer,≤100
129689207200302,Bündnis 90 / Die Grünen Schwalm-Eder,BÜNDNIS 90/DIE GRÜNEN Schwalm-Eder,≤100
106787482272257,Christian Wendel - für unsere Heimat im Landtag,Christian Wendel - für unsere Heimat im Landtag,≤100
110307591922985,ortaanadoluekspres,These ads ran without a disclaimer,≤100
275606287530,CEMEX,These ads ran without a disclaimer,≤100
102481204966254,Dominik Lawetzky,Wahlkampagne Dominik Lawetzky,≤100
62058563854,"Dr. Peter Liese, MdEP",Eüropabüro für Südwestfalen - Dr. Peter Liese,≤100
146582848755495,Bioladen Haller,BioBook-Online - SDServices,≤100
109144482547942,SPD Ortsverein Langenfeld,These ads ran without a disclaimer,≤100
1479723288930890,Bürgervereinigung Kerken - BVK Kerken,Bürgervereinigung Kerken,≤100
129515246901625,the_green_jedi,These ads ran without a disclaimer,≤100
778584105497901,Donizetti Opera,These ads ran without a disclaimer,≤100
163139997033615,Die Linke Saale-Holzland-Kreis,Die Linke Saale-Holzland-Kreis,≤100
204327886385912,FREIE WÄHLER Bundesvereinigung,FREIE WÄHLER Bundesvereinigung,≤100
100480053074809,Máquina de Activos,These ads ran without a disclaimer,≤100
112563937868910,Stadt Bad Schwartau,These ads ran without a disclaimer,≤100
287842647957979,EU International Partnerships,These ads ran without a disclaimer,≤100
205638336210232,CDU Arnsberg,These ads ran without a disclaimer,≤100
107431397429129,MATE OF STEEL,These ads ran without a disclaimer,≤100
107274171547912,P.OTT Royal,These ads ran without a disclaimer,≤100
880922645401876,RWE,These ads ran without a disclaimer,≤100
31292782350,Deutschland.de,These ads ran without a disclaimer,≤100
111816597962933,Jan-Wilhelm Pohlmann MdL,Jan-Wilhelm Pohlmann MdL,≤100
649581478987260,1초영화,These ads ran without a disclaimer,≤100
109673838837180,borisrhein.cdu,These ads ran without a disclaimer,≤100
121899617518682,Hans Friedl,These ads ran without a disclaimer,≤100
106081638305588,"Initiative ""Impulse für den Wohnungsbau""",These ads ran without a disclaimer,≤100
107591345098788,Digitales Bürgernetz,These ads ran without a disclaimer,≤100
256403061555011,Lead Africa International,These ads ran without a disclaimer,≤100
101981915182088,Lino Leudesdorff,Lino Leudesdorff,≤100
1906179006074575,CDU Jena,CDU Jena,≤100
112546258605805,Dr. Michael Gaska - Oberbürgermeister für Rastatt,Dr. Michael Gaska,≤100
98305899726,VIDEOBUSTER.de,These ads ran without a disclaimer,≤100
107326235737753,Andreas Maraun,Andreas Maraun,≤100
123231231062399,Fantoni s.p.a.,These ads ran without a disclaimer,≤100
1858260881065448,Brugola OEB Industriale SpA,These ads ran without a disclaimer,≤100
536130316443893,AfD / Charlottenburg-Wilmersdorf,AfD / Charlottenburg-Wilmersdorf,≤100
1414539822143557,Pascal Badziong,Pascal Badziong,≤100
163727433647734,THW Waldbröl,These ads ran without a disclaimer,≤100
292679914122798,VR Bank Südliche Weinstraße-Wasgau,VR Bank Südliche Weinstraße-Wasgau eG,≤100
1781902522022471,Westenergie,Westenergie AG,≤100
176868462372092,experten-netzwerk,These ads ran without a disclaimer,≤100
111654815364428,PridePaper,These ads ran without a disclaimer,≤100
107439647700555,ferat.bbs,These ads ran without a disclaimer,≤100
141000842608491,Falstaff Living,These ads ran without a disclaimer,≤100
83519899867,meistertipp.de,These ads ran without a disclaimer,≤100
282466865550882,Avacon,Avacon Ag,≤100
103886725073257,Kpop4Planet,These ads ran without a disclaimer,≤100
122105150918002404,Frigid Indelible,These ads ran without a disclaimer,≤100
112313091253376,Cam Translator,These ads ran without a disclaimer,≤100
118846661305278,Pana Georgeta,These ads ran without a disclaimer,≤100
122104128974009378,Earnest Repulsive,These ads ran without a disclaimer,≤100
104638282106001,esitsizlikbulteni,These ads ran without a disclaimer,≤100
109012191496568,The Fabcrunch Media,These ads ran without a disclaimer,≤100
106191442577670,Heritage Horizons,These ads ran without a disclaimer,≤100
1754956431459064,The Intercept Brasil,These ads ran without a disclaimer,≤100
112564491905528,Circulationes-US,These ads ran without a disclaimer,≤100
104770422721379,Loving Entire,These ads ran without a disclaimer,≤100
113433751755357,Solarluck shop,These ads ran without a disclaimer,≤100
122104203020008708,Livid Oldfashioned,These ads ran without a disclaimer,≤100
391935651172077,Платформа соціальних змін,These ads ran without a disclaimer,≤100
101617839323648,Love Tees,These ads ran without a disclaimer,≤100
111506485284252,brissli_pics,These ads ran without a disclaimer,≤100
110216212167317,Excitees-UK,These ads ran without a disclaimer,≤100
117795761405358,TimeTraveler's Tales,These ads ran without a disclaimer,≤100
107647258831836,Weregreenly- Magazine Page 3,These ads ran without a disclaimer,≤100
154332071291859,AE SOLAR,These ads ran without a disclaimer,≤100
112383578592701,Lanarkshire Soffits,These ads ran without a disclaimer,≤100
108280169017218,Flashback Stories,These ads ran without a disclaimer,≤100
101236935303293,Trivia.com - Trivia,These ads ran without a disclaimer,≤100
103590237967533,Esfye-Fashion,These ads ran without a disclaimer,≤100
121032319833,ASME (American Society of Mechanical Engineers),These ads ran without a disclaimer,≤100
105344849319600,Максим Удод про 10 млн без диагностик,These ads ran without a disclaimer,≤100
104119222356053,Meltily-AU,These ads ran without a disclaimer,≤100
102075811887387,Chocolate.com - Images,These ads ran without a disclaimer,≤100
107138539158068,AutoTrends24,These ads ran without a disclaimer,≤100
119728111217167,Hilltop One,These ads ran without a disclaimer,≤100
110971475215093,Riico Who,These ads ran without a disclaimer,≤100
109852107509544,aaryamalkaram,These ads ran without a disclaimer,≤100
146131622116745,International Recovery Platform,These ads ran without a disclaimer,≤100
114886248321156,daily.dose.of.past,These ads ran without a disclaimer,≤100
101834242695293,Freistil-Reden,These ads ran without a disclaimer,≤100
110192681490682,Motor Junkie Fans,These ads ran without a disclaimer,≤100
293245379135737,Niftiest,These ads ran without a disclaimer,≤100
23497828950,National Geographic,These ads ran without a disclaimer,≤100
114707635057965,Obilpure,These ads ran without a disclaimer,≤100
337235599693883,עיריית ערד,These ads ran without a disclaimer,≤100
104882829041692,Cronograma de estudio,These ads ran without a disclaimer,≤100
101849728551147,Fun Break Central,These ads ran without a disclaimer,≤100
121098460916697,BillyFit,These ads ran without a disclaimer,≤100
466599867045546,Marija Zamarytė,These ads ran without a disclaimer,≤100
122097248936016459,Glistening Jaunty,These ads ran without a disclaimer,≤100
103081041654515,Instituto Asas Pela Amazônia,These ads ran without a disclaimer,≤100
118540947799801,Financial Solutions,These ads ran without a disclaimer,≤100
112420445255893,fabio_zimbardi,These ads ran without a disclaimer,≤100
109737577837060,Livereid,These ads ran without a disclaimer,≤100
106325695626132,LushReads,These ads ran without a disclaimer,≤100
106705935507742,Billycity,These ads ran without a disclaimer,≤100
100713139797452,Excitees.JPN,These ads ran without a disclaimer,≤100
111564184991032,Brunch With Babes,These ads ran without a disclaimer,≤100
103019226071882,Lolaflors,These ads ran without a disclaimer,≤100
110473381301511,Ксения Соловьева Коуч для фрилансеров,These ads ran without a disclaimer,≤100
299950734124,Zimtu Capital Corp.,These ads ran without a disclaimer,≤100
122099623214010222,Original Vicious,These ads ran without a disclaimer,≤100
101652812813813,Explicitu.,These ads ran without a disclaimer,≤100
144580066134672,Economist Impact,These ads ran without a disclaimer,≤100
122106970202001610,Essential Entire,These ads ran without a disclaimer,≤100
228888547700827,Parteifrei Liberal,These ads ran without a disclaimer,≤100
217065798665069,Bob's Hideout,These ads ran without a disclaimer,≤100
110780317288304,Farket,These ads ran without a disclaimer,≤100
435272526866135,North American Kurdish Alliance - NAKA,These ads ran without a disclaimer,≤100
122103058742006530,Lighthearted Clueless,These ads ran without a disclaimer,≤100
113761721822612,Goodysee,These ads ran without a disclaimer,≤100
6651543066,CNN Business,These ads ran without a disclaimer,≤100
103799685434333,Raotte,These ads ran without a disclaimer,≤100
115012051692352,Rosebud 2,These ads ran without a disclaimer,≤100
109966852161945,Evergreen Speed Networking,These ads ran without a disclaimer,≤100
101207195836755,Wise Wallet,These ads ran without a disclaimer,≤100
104590179083394,Wisyclothing,These ads ran without a disclaimer,≤100
1053941814739175,Lucia Mastromarino,These ads ran without a disclaimer,≤100
106348682400630,Nova - AI Chatbot,These ads ran without a disclaimer,≤100
106285282396345,Hot Cars Freaks,These ads ran without a disclaimer,≤100
105939942496599,justestebant,These ads ran without a disclaimer,≤100
116217881512150,Jiejner,These ads ran without a disclaimer,≤100
112065781491607,Giiverr,These ads ran without a disclaimer,≤100
106031815565093,Geeksoutfit,These ads ran without a disclaimer,≤100
111588341842178,Esteban fernandez,These ads ran without a disclaimer,≤100
104325786078517,StreetStyle Chronicles,These ads ran without a disclaimer,≤100
100756922978448,Plane To Paris,These ads ran without a disclaimer,≤100
114758631709417,Yoruba Niyi,These ads ran without a disclaimer,≤100
107793425628824,Dominique Alves,These ads ran without a disclaimer,≤100
106666192504098,Local Weather-1,These ads ran without a disclaimer,≤100
122096208710008142,Flashy Disguised,These ads ran without a disclaimer,≤100
112230245122615,Big Global Travel Media,These ads ran without a disclaimer,≤100
105629509109985,Cherry Kitten,These ads ran without a disclaimer,≤100
105908202611877,Harmonicmall-oline,These ads ran without a disclaimer,≤100
106403067788374,Buzz World,These ads ran without a disclaimer,≤100
112419968380884,female_net,These ads ran without a disclaimer,≤100
110099758720991,Sticks 'N' Grooves,These ads ran without a disclaimer,≤100
109509391791171,Strange News,These ads ran without a disclaimer,≤100
105709861188836,The Daily Drivepedia,These ads ran without a disclaimer,≤100
1180442055471569,Re—inc,These ads ran without a disclaimer,≤100
100726469516197,HistoryHappens,These ads ran without a disclaimer,≤100
757440877654306,History Hit,These ads ran without a disclaimer,≤100
100746896380064,1000 Libraries,These ads ran without a disclaimer,≤100
110895978553343,Büşra Baran Design,These ads ran without a disclaimer,≤100
102945445594022,ucfw_museum,These ads ran without a disclaimer,≤100
114604658388409,Indonesia Sustainability Forum 2023,These ads ran without a disclaimer,≤100
103650075812523,Indntindex,These ads ran without a disclaimer,≤100
109054555069662,Investing Digest,These ads ran without a disclaimer,≤100
111416286896380,Institute of National Remembrance,These ads ran without a disclaimer,≤100
115466284978091,Lunar Ascendant,These ads ran without a disclaimer,≤100
122096113940012140,Average Favorable,These ads ran without a disclaimer,≤100
106801165813881,Aoutaoo-US,These ads ran without a disclaimer,≤100
119918921715,Brunswick Landing Marina,These ads ran without a disclaimer,≤100
152137221524242,Jazz re:freshed,These ads ran without a disclaimer,≤100
112147831902634,Ângela Martínez,These ads ran without a disclaimer,≤100
106647788875076,"Filinovel - Webnovels, Romance",These ads ran without a disclaimer,≤100
122101430042012137,Rosy Wellworn,These ads ran without a disclaimer,≤100
117626908248017,Trust Edge Leadership Institute,These ads ran without a disclaimer,≤100
2302955050018469,PedagogicaMente,These ads ran without a disclaimer,≤100
111967013731903,Goldwind,These ads ran without a disclaimer,≤100
111486085376352,Wavy Green,These ads ran without a disclaimer,≤100